Starting kit application with the following args:  ['/isaac-sim/exts/isaacsim.simulation_app/isaacsim/simulation_app/simulation_app.py', '/isaac-sim/apps/isaacsim.exp.base.python.kit', '--/app/tokens/exe-path=/isaac-sim/kit', '--/persistent/app/viewport/displayOptions=3094', '--/rtx/materialDb/syncLoads=True', '--/rtx/hydra/materialSyncLoads=True', '--/omni.kit.plugin/syncUsdLoads=True', '--/app/renderer/resolution/width=1280', '--/app/renderer/resolution/height=720', '--/app/window/width=1440', '--/app/window/height=900', '--/renderer/multiGpu/enabled=True', '--/app/fastShutdown=True', '--/app/installSignalHandlers=0', '--ext-folder', '/isaac-sim/exts', '--ext-folder', '/isaac-sim/apps', '--/physics/cudaDevice=0', '--/plugins/carb.tasking.plugin/threadCount=32', '--/plugins/omni.tbb.globalcontrol/maxThreadCount=32', '--portable', '--no-window', '--/app/window/hideUi=1', '--allow-root']
Passing the following args to the base kit application:  ['--frames', '300']
[Info] [carb] Logging to file: /isaac-sim/kit/logs/Kit/Isaac-Sim Python/5.1/kit_20260522_191013.log
[0.093s] [ext: omni.kit.async_engine-0.0.3] startup
[0.589s] [ext: omni.metrics.core-0.0.3] startup
[0.590s] [ext: omni.client.lib-1.1.0] startup
[0.608s] [ext: omni.blobkey-1.1.2] startup
[0.608s] [ext: omni.stats-1.0.1] startup
[0.609s] [ext: omni.datastore-0.0.0] startup
[0.615s] [ext: omni.client-1.3.0] startup
[0.622s] [ext: omni.ujitso.default-1.0.0] startup
[0.624s] [ext: omni.hsscclient-1.1.2] startup
[0.629s] [ext: omni.gpu_foundation.shadercache.vulkan-1.0.0] startup
[0.634s] [ext: omni.assets.plugins-0.0.0] startup
[0.635s] [ext: omni.gpu_foundation-0.0.0] startup
[0.641s] [ext: carb.windowing.plugins-1.0.0] startup
[0.649s] [ext: omni.kit.renderer.init-0.0.0] startup

|---------------------------------------------------------------------------------------------|
| Driver Version: 570.133.07    | Graphics API: Vulkan
|=============================================================================================|
| GPU | Name                             | Active | LDA | GPU Memory | Vendor-ID | LUID       |
|     |                                  |        |     |            | Device-ID | UUID       |
|     |                                  |        |     |            | Bus-ID    |            |
|---------------------------------------------------------------------------------------------|
| 0   | NVIDIA RTX 5880 Ada Generation   | Yes: 0 |     | 49386   MB | 10de      | 0          |
|     |                                  |        |     |            | 26b3      | ad239854.. |
|     |                                  |        |     |            | 6b        |            |
|=============================================================================================|
| OS: 24.04.3 LTS (Noble Numbat) ubuntu, Version: 24.04.3, Kernel: 5.15.0-139-generic
| XServer Vendor: The X.Org Foundation, XServer Version: 12101011 (1.21.1.11)
| Processor: Intel(R) Xeon(R) Silver 4416+
| Cores: 20 | Logical Cores: 40
|---------------------------------------------------------------------------------------------|
| Total Memory (MB): 16384 | Free Memory: 11288
| Total Page/Swap (MB): 2047 | Free Page/Swap: 0
|---------------------------------------------------------------------------------------------|
2026-05-22T19:10:15Z [2,377ms] [Warning] [gpu.foundation.plugin] CPU performance profile is set to powersave. This profile sets the CPU to the lowest frequency reducing performance.
[2.657s] [ext: omni.kit.pipapi-0.0.0] startup
[2.658s] [ext: omni.kit.pip_archive-0.0.0] startup
[2.659s] [ext: omni.pip.compute-1.6.3] startup
[2.659s] [ext: omni.materialx.libs-1.0.7] startup
[2.668s] [ext: omni.pip.cloud-1.4.3] startup
[2.673s] [ext: omni.isaac.core_archive-3.0.0] startup
[2.674s] [ext: omni.usd.config-1.0.6] startup
[2.678s] [ext: omni.gpucompute.plugins-0.0.0] startup
[2.679s] [ext: omni.usd.libs-1.0.1] startup
[2.785s] [ext: omni.kit.telemetry-0.5.2] startup
[2.813s] [ext: omni.mdl-56.0.3] startup
[2.842s] [ext: omni.iray.libs-0.0.0] startup
[2.848s] [ext: omni.mdl.neuraylib-0.2.12] startup
[2.850s] [ext: omni.kit.usd.mdl-1.1.5] startup
[2.994s] [ext: omni.isaac.ml_archive-3.0.4] startup
[2.995s] [ext: omni.kit.loop-isaac-1.3.7] startup
[2.996s] [ext: omni.kit.test-2.0.1] startup
[3.059s] [ext: omni.appwindow-1.1.10] startup
[3.062s] [ext: omni.kit.renderer.core-1.1.0] startup
[3.112s] [ext: omni.kit.renderer.capture-0.0.0] startup
[3.114s] [ext: omni.kit.renderer.imgui-2.0.5] startup
[3.216s] [ext: omni.ui-2.27.1] startup
[3.228s] [ext: omni.kit.mainwindow-1.0.3] startup
[3.231s] [ext: carb.audio-0.1.0] startup
[3.254s] [ext: omni.uiaudio-1.0.0] startup
[3.256s] [ext: omni.kit.uiapp-0.0.0] startup
[3.256s] [ext: omni.usd.schema.metrics.assembler-107.3.1] startup
[3.259s] [ext: omni.usd.schema.audio-0.0.0] startup
[3.264s] [ext: omni.anim.graph.schema-107.3.3] startup
[3.276s] [ext: omni.usd_resolver-1.0.0] startup
[3.280s] [ext: omni.usd.core-1.5.3] startup
[3.283s] [ext: omni.usd.schema.render_settings.rtx-0.0.0] startup
[3.311s] [ext: omni.usd.schema.semantics-0.0.0] startup
[3.314s] [ext: isaacsim.robot.schema-3.6.0] startup
[3.323s] [ext: omni.usd.schema.geospatial-0.0.0] startup
[3.326s] [ext: omni.usd.schema.anim-0.0.0] startup
[3.345s] [ext: omni.kit.window.popup_dialog-2.0.24] startup
[3.350s] [ext: usdrt.scenegraph-7.6.1] startup
[3.397s] [ext: omni.timeline-1.0.14] startup
[3.399s] [ext: omni.resourcemonitor-107.0.1] startup
[3.402s] [ext: omni.activity.core-1.0.3] startup
[3.403s] [ext: omni.kit.widget.nucleus_connector-2.0.1] startup
[3.406s] [ext: omni.hydra.usdrt_delegate-7.5.1] startup
[3.416s] [ext: omni.kit.actions.core-1.0.0] startup
[3.418s] [ext: omni.graph.exec-0.9.6] startup
[3.419s] [ext: omni.kit.commands-1.4.10] startup
[3.423s] [ext: omni.kit.usd_undo-0.1.8] startup
[3.423s] [ext: omni.kit.exec.core-0.13.4] startup
[3.425s] [ext: omni.kit.audiodeviceenum-1.0.2] startup
[3.426s] [ext: omni.hydra.scene_delegate-0.3.4] startup
[3.432s] [ext: omni.usd-1.13.10] startup
[3.463s] [ext: omni.kit.asset_converter-5.0.17] startup
[3.476s] [ext: omni.usd.schema.flow-107.1.1] startup
[3.476s] [ext: omni.usd.schema.omnigraph-1.0.0] startup
[3.483s] [ext: omni.usd.schema.omni_sensors-0.0.0] startup
[3.484s] [ext: omni.anim.navigation.schema-107.3.3] startup
[3.488s] [ext: omni.inspect-1.0.2] startup
[3.489s] [ext: omni.kit.notification_manager-1.0.10] startup
[3.491s] [ext: omni.graph.core-2.184.5] startup
[3.494s] [ext: isaacsim.core.deprecation_manager-0.2.7] startup
[3.495s] [ext: omni.usd.schema.physx-107.3.26] startup
[3.536s] [ext: omni.usd.schema.isaac-3.0.5] startup
[3.537s] [ext: omni.usd.schema.omniscripting-1.0.0] startup
[3.542s] [ext: omni.usd.schema.omni_lens_distortion-0.0.0] startup
[3.543s] [ext: omni.kvdb-107.3.26] startup
[3.544s] [ext: omni.usdphysics-107.3.26] startup
[3.547s] [ext: omni.physx.foundation-107.3.26] startup
[3.549s] [ext: omni.localcache-107.3.26] startup
[3.550s] [ext: omni.convexdecomposition-107.3.26] startup
[3.553s] [ext: omni.physx.cooking-107.3.26] startup
[3.557s] [ext: omni.physx-107.3.26] startup
[3.570s] [ext: omni.physics-107.3.26] startup
[3.574s] [ext: omni.kit.usd.layers-2.2.11] startup
[3.583s] [ext: omni.physics.physx-107.3.26] startup
2026-05-22T19:10:16Z [3,561ms] [Warning] [carb] Acquiring non optional plugin interface which is not listed as dependency: [omni::physx::IPhysxBenchmarks v1.0] (plugin: <default plugin>), by client: omni.physics.physx.plugin. Add it to CARB_PLUGIN_IMPL_DEPS() macro of a client.
[3.585s] [ext: omni.physics.stageupdate-107.3.26] startup
[3.587s] [ext: omni.kit.numpy.common-0.1.3] startup
[3.589s] [ext: isaacsim.core.version-2.0.6] startup
[3.589s] [ext: omni.isaac.dynamic_control-2.0.7] startup
2026-05-22T19:10:16Z [3,572ms] [Warning] [omni.isaac.dynamic_control] omni.isaac.dynamic_control is deprecated as of Isaac Sim 4.5. No action is needed from end-users.
[3.597s] [ext: isaacsim.storage.native-1.5.1] startup
[3.598s] [ext: omni.kit.menu.core-1.1.2] startup
[3.599s] [ext: omni.kit.helper.file_utils-0.1.9] startup
[3.601s] [ext: omni.usd.metrics.assembler-107.3.1] startup
[3.608s] [ext: omni.kit.widget.context_menu-1.2.5] startup
[3.610s] [ext: omni.warp.core-1.8.2] startup
[3.887s] [ext: omni.usd.metrics.assembler.physics-107.3.26] startup
[3.889s] [ext: omni.physics.tensors-107.3.26] startup
[3.897s] [ext: omni.kit.context_menu-1.8.6] startup
[3.899s] [ext: omni.kit.clipboard-1.0.5] startup
[3.900s] [ext: isaacsim.core.utils-3.5.1] startup
[3.904s] [ext: omni.kit.widget.filebrowser-2.12.3] startup
[3.909s] [ext: omni.kit.widget.options_menu-1.1.6] startup
[3.912s] [ext: omni.kit.widget.path_field-2.0.11] startup
[3.913s] [ext: omni.index.libs-380600.8087.0] startup
[3.913s] [ext: omni.ui.scene-1.11.5] startup
[3.918s] [ext: omni.kit.widget.options_button-1.0.3] startup
[3.919s] [ext: omni.kit.widget.browser_bar-2.0.10] startup
[3.920s] [ext: omni.index-1.0.1] startup
[3.920s] [ext: omni.hydra.rtx.shadercache.vulkan-1.0.0] startup
[3.922s] [ext: omni.kit.window.filepicker-2.13.4] startup
[3.940s] [ext: omni.volume-0.5.2] startup
[3.944s] [ext: omni.ujitso.client-0.0.0] startup
[3.944s] [ext: omni.graph.tools-1.79.2] startup
[3.978s] [ext: omni.graph.image.core-0.6.1] startup
[3.979s] [ext: omni.hydra.rtx-1.0.0] startup
2026-05-22T19:10:17Z [3,978ms] [Warning] [omni.log] Source: omni.hydra was already registered.
[4.020s] [ext: omni.kit.window.file_importer-1.1.18] startup
[4.023s] [ext: omni.kit.menu.utils-2.0.5] startup
[4.033s] [ext: omni.graph.image.nodes-1.3.1] startup
[4.036s] [ext: omni.kit.widget.searchable_combobox-1.0.6] startup
[4.037s] [ext: omni.kit.hydra_texture-1.4.6] startup
[4.042s] [ext: omni.kit.material.library-2.0.7] startup
[4.048s] [ext: omni.hydra.engine.stats-1.0.3] startup
[4.052s] [ext: omni.kit.viewport.scene_camera_model-1.0.6] startup
[4.058s] [ext: omni.kit.widget.settings-1.2.6] startup
[4.061s] [ext: omni.kit.viewport.legacy_gizmos-1.0.19] startup
[4.064s] [ext: omni.kit.widget.viewport-107.1.3] startup
[4.070s] [ext: omni.kit.viewport.registry-104.0.6] startup
[4.070s] [ext: omni.kit.raycast.query-1.1.0] startup
[4.077s] [ext: omni.physx.tensors-107.3.26] startup
[4.084s] [ext: omni.kit.window.drop_support-1.0.5] startup
[4.085s] [ext: omni.kit.primitive.mesh-1.0.17] startup
[4.089s] [ext: omni.kit.viewport.window-107.2.0] startup
[4.116s] [ext: omni.kit.window.preferences-1.8.0] startup
[4.123s] [ext: isaacsim.core.simulation_manager-1.4.4] startup
[6.008s] [ext: omni.graph.action_core-1.1.7] startup
[6.010s] [ext: omni.graph-1.141.2] startup
[6.067s] [ext: omni.kit.viewport.utility-1.1.2] startup
[6.068s] [ext: omni.kit.viewport.menubar.core-107.2.1] startup
[6.088s] [ext: isaacsim.core.prims-0.6.1] startup
[6.125s] [ext: omni.graph.action_nodes-1.50.4] startup
[6.131s] [ext: omni.kit.stage_template.core-1.1.22] startup
[6.135s] [ext: omni.syntheticdata-0.6.13] startup
[6.173s] [ext: omni.graph.nodes-1.170.10] startup
[6.192s] [ext: omni.graph.action-1.130.0] startup
[6.194s] [ext: omni.kit.stage_templates-2.0.0] startup
[6.217s] [ext: omni.kit.widget.filter-1.1.4] startup
[6.220s] [ext: omni.kit.widget.graph-2.0.0] startup
[6.240s] [ext: omni.kit.property.adapter.core-1.0.2] startup
[6.263s] [ext: omni.kit.window.file_exporter-1.0.33] startup
[6.266s] [ext: omni.kit.widget.searchfield-1.1.8] startup
[6.268s] [ext: omni.kit.hotkeys.core-1.3.10] startup
[6.270s] [ext: omni.kit.graph.delegate.default-1.2.3] startup
[6.272s] [ext: omni.kit.property.adapter.fabric-1.0.3] startup
[6.274s] [ext: omni.kit.widget.stage-3.1.4] startup
[6.290s] [ext: omni.kit.property.adapter.usd-1.0.2] startup
[6.292s] [ext: omni.kit.graph.editor.core-1.5.3] startup
[6.296s] [ext: omni.kit.widget.material_preview-1.0.16] startup
[6.299s] [ext: omni.kit.widget.highlight_label-1.0.3] startup
[6.301s] [ext: omni.kit.window.file-2.0.5] startup
[6.305s] [ext: omni.kit.window.content_browser_registry-0.0.6] startup
[6.307s] [ext: omni.kit.window.property-1.12.1] startup
[6.311s] [ext: omni.kit.window.content_browser-3.1.3] startup
[6.325s] [ext: omni.kit.graph.usd.commands-1.3.1] startup
[6.328s] [ext: omni.kit.property.usd-4.5.12] startup
[6.345s] [ext: omni.graph.ui_nodes-1.50.5] startup
[6.350s] [ext: omni.videoencoding-0.1.2] startup
[6.353s] [ext: omni.kit.window.material_graph-1.9.1] startup
[6.373s] [ext: omni.warp-1.8.2] startup
[6.381s] [ext: isaacsim.core.api-4.8.0] startup
[6.439s] [ext: omni.graph.scriptnode-1.50.0] startup
[6.452s] [ext: isaacsim.test.docstring-1.1.0] startup
[6.469s] [ext: isaacsim.core.experimental.utils-0.3.0] startup
[6.525s] [ext: omni.replicator.core-1.12.27] startup
2026-05-22T19:10:19Z [6,558ms] [Warning] [pxr.Semantics] pxr.Semantics is deprecated - please use Semantics instead
Warp 1.8.2 initialized:
   CUDA Toolkit 12.8, Driver 12.8
   Devices:
     "cpu"      : "x86_64"
     "cuda:0"   : "NVIDIA RTX 5880 Ada Generation" (47 GiB, sm_89, mempool enabled)
   Kernel cache:
     /home/ubuntu/.cache/warp/1.8.2
2026-05-22T19:10:20Z [6,728ms] [Warning] [omni.graph.core.plugin] Found duplicate of category 'Replicator' - was 'Annotators', adding 'Fabric Reader'
2026-05-22T19:10:20Z [6,728ms] [Warning] [omni.graph.core.plugin] Category 'Replicator' not accepted on node type 'omni.replicator.core.FabricReader' in extension 'omni.replicator.core'
2026-05-22T19:10:20Z [6,729ms] [Warning] [omni.replicator.core.scripts.extension] No material configuration file, adding configuration to material settings directly.
[6.758s] [ext: isaacsim.core.experimental.prims-0.8.1] startup
[6.829s] [ext: omni.kit.window.extensions-1.4.27] startup
[6.847s] [ext: isaacsim.core.experimental.objects-0.4.0] startup
[6.859s] [ext: omni.ui_query-1.1.8] startup
[6.865s] [ext: omni.kit.manipulator.viewport-107.0.1] startup
[6.868s] [ext: isaacsim.robot.surface_gripper-3.3.1] startup
[6.881s] [ext: omni.kit.ui_test-1.3.7] startup
[6.897s] [ext: omni.graph.visualization.nodes-2.1.3] startup
[6.944s] [ext: isaacsim.robot_motion.lula-4.0.8] startup
[6.959s] [ext: isaacsim.core.nodes-3.4.3] startup
[6.989s] [ext: isaacsim.gui.components-1.2.1] startup
[7.015s] [ext: isaacsim.robot_motion.motion_generation-8.0.26] startup
[7.065s] [ext: isaacsim.robot.manipulators-3.3.6] startup
[7.085s] [ext: isaacsim.core.experimental.materials-0.4.0] startup
[7.105s] [ext: isaacsim.robot.manipulators.examples-1.1.2] startup
[7.114s] [ext: isaacsim.cortex.framework-1.0.12] startup
[7.128s] [ext: isaacsim.cortex.behaviors-2.0.14] startup
[7.133s] [ext: omni.isaac.cortex.sample_behaviors-2.0.5] startup
2026-05-22T19:10:20Z [7,117ms] [Warning] [omni.isaac.cortex] omni.isaac.cortex has been deprecated in favor of isaacsim.cortex.framework. Please update your code accordingly.
2026-05-22T19:10:20Z [7,118ms] [Warning] [omni.isaac.cortex.sample_behaviors] omni.isaac.cortex.sample_behaviors has been deprecated in favor of isaacsim.cortex.behaviors. Please update your code accordingly.
[7.146s] [ext: omni.kit.widget.zoombar-1.0.6] startup
[7.162s] [ext: isaacsim.gui.content_browser-0.1.11] startup
[7.173s] [ext: omni.kit.browser.core-2.3.13] startup
[7.195s] [ext: omni.kit.widget.stage_icons-1.0.8] startup
[7.206s] [ext: omni.kit.widget.prompt-1.0.7] startup
[7.235s] [ext: omni.kit.usd.collect-2.4.5] startup
[7.263s] [ext: omni.kit.browser.folder.core-1.10.9] startup
[7.376s] [ext: omni.kit.window.stage-2.6.1] startup
[7.434s] [ext: omni.kit.usdz_export-1.0.9] startup
[7.443s] [ext: omni.kit.tool.collect-2.2.18] startup
[7.484s] [ext: omni.kit.menu.stage-1.2.7] startup
[7.545s] [ext: omni.kit.tool.asset_importer-4.3.2] startup
[7.656s] [ext: isaacsim.robot.wheeled_robots-4.0.24] startup
[7.776s] [ext: isaacsim.examples.browser-0.2.1] startup
[7.879s] [ext: isaacsim.asset.importer.urdf-2.4.30] startup
Warp DeprecationWarning: The `warp.sim` module is deprecated and will be removed in v1.10. Please transition to using the forthcoming Newton library instead.
[8.242s] [ext: omni.isaac.wheeled_robots-3.0.7] startup
2026-05-22T19:10:21Z [8,221ms] [Warning] [omni.isaac.wheeled_robots] omni.isaac.wheeled_robots has been deprecated in favor of isaacsim.robot.wheeled_robots. Please update your code accordingly.
2026-05-22T19:10:21Z [8,221ms] [Warning] [omni.isaac.wheeled_robots.controllers] omni.isaac.wheeled_robots has been deprecated in favor of isaacsim.robot.wheeled_robots. Please update your code accordingly.
2026-05-22T19:10:21Z [8,222ms] [Warning] [omni.isaac.wheeled_robots.controllers.ackermann_controller] omni.isaac.wheeled_robots has been deprecated in favor of isaacsim.robot.wheeled_robots. Please update your code accordingly.
2026-05-22T19:10:21Z [8,222ms] [Warning] [omni.isaac.wheeled_robots.controllers.differential_controller] omni.isaac.wheeled_robots has been deprecated in favor of isaacsim.robot.wheeled_robots. Please update your code accordingly.
2026-05-22T19:10:21Z [8,222ms] [Warning] [omni.isaac.wheeled_robots.controllers.holonomic_controller] omni.isaac.wheeled_robots has been deprecated in favor of isaacsim.robot.wheeled_robots. Please update your code accordingly.
2026-05-22T19:10:21Z [8,222ms] [Warning] [omni.isaac.wheeled_robots.controllers.quintic_path_planner] omni.isaac.wheeled_robots has been deprecated in favor of isaacsim.robot.wheeled_robots. Please update your code accordingly.
2026-05-22T19:10:21Z [8,223ms] [Warning] [omni.isaac.wheeled_robots.controllers.stanley_control] omni.isaac.wheeled_robots has been deprecated in favor of isaacsim.robot.wheeled_robots. Please update your code accordingly.
2026-05-22T19:10:21Z [8,223ms] [Warning] [omni.isaac.wheeled_robots.controllers.wheel_base_pose_controller] omni.isaac.wheeled_robots has been deprecated in favor of isaacsim.robot.wheeled_robots. Please update your code accordingly.
2026-05-22T19:10:21Z [8,223ms] [Warning] [omni.isaac.wheeled_robots.impl] omni.isaac.wheeled_robots has been deprecated in favor of isaacsim.robot.wheeled_robots. Please update your code accordingly.
2026-05-22T19:10:21Z [8,225ms] [Warning] [omni.isaac.wheeled_robots.robots] omni.isaac.wheeled_robots has been deprecated in favor of isaacsim.robot.wheeled_robots. Please update your code accordingly.
2026-05-22T19:10:21Z [8,234ms] [Warning] [omni.isaac.wheeled_robots.robots.holonomic_robot_usd_setup] omni.isaac.wheeled_robots has been deprecated in favor of isaacsim.robot.wheeled_robots. Please update your code accordingly.
2026-05-22T19:10:21Z [8,234ms] [Warning] [omni.isaac.wheeled_robots.robots.wheeled_robot] omni.isaac.wheeled_robots has been deprecated in favor of isaacsim.robot.wheeled_robots. Please update your code accordingly.
[8.258s] [ext: isaacsim.simulation_app-2.12.2] startup
[8.261s] [ext: omni.isaac.franka-1.0.7] startup
2026-05-22T19:10:21Z [8,239ms] [Warning] [omni.isaac.franka] omni.isaac.franka has been deprecated in favor of isaacsim.robot.manipulators.examples.franka. Please update your code accordingly.
2026-05-22T19:10:21Z [8,239ms] [Warning] [omni.isaac.franka.franka] omni.isaac.franka has been deprecated in favor of isaacsim.robot.manipulators.examples.franka. Please update your code accordingly.
2026-05-22T19:10:21Z [8,270ms] [Warning] [omni.isaac.franka.kinematics_solver] omni.isaac.franka has been deprecated in favor of isaacsim.robot.manipulators.examples.franka. Please update your code accordingly.
[8.294s] [ext: omni.isaac.kit-2.0.6] startup
2026-05-22T19:10:21Z [8,275ms] [Warning] [omni.isaac.kit] omni.isaac.kit has been deprecated in favor of isaacsim.simulation_app. Please update your code accordingly.
[8.299s] [ext: omni.kit.selection-0.1.6] startup
[8.302s] [ext: omni.isaac.lula-4.0.6] startup
2026-05-22T19:10:21Z [8,279ms] [Warning] [omni.isaac.lula] omni.isaac.lula has been deprecated in favor of isaacsim.robot_motion.lula. Please update your code accordingly.
[8.303s] [ext: isaacsim.robot_motion.lula_test_widget-1.0.12] startup
[8.306s] [ext: isaacsim.asset.browser-1.3.23] startup
[8.400s] [ext: omni.kit.viewport.actions-107.0.2] startup
[8.407s] [ext: isaacsim.gui.menu-2.4.4] startup
[8.416s] [ext: omni.isaac.manipulators-3.0.7] startup
2026-05-22T19:10:21Z [8,395ms] [Warning] [omni.isaac.manipulators] omni.isaac.manipulators has been deprecated in favor of isaacsim.robot.manipulators. Please update your code accordingly.
2026-05-22T19:10:21Z [8,395ms] [Warning] [omni.isaac.manipulators.controllers] omni.isaac.manipulators has been deprecated in favor of isaacsim.robot.manipulators. Please update your code accordingly.
2026-05-22T19:10:21Z [8,395ms] [Warning] [omni.isaac.manipulators.controllers.pick_place_controller] omni.isaac.manipulators has been deprecated in favor of isaacsim.robot.manipulators. Please update your code accordingly.
2026-05-22T19:10:21Z [8,396ms] [Warning] [omni.isaac.manipulators.controllers.stacking_controller] omni.isaac.manipulators has been deprecated in favor of isaacsim.robot.manipulators. Please update your code accordingly.
2026-05-22T19:10:21Z [8,396ms] [Warning] [omni.isaac.manipulators.grippers] omni.isaac.manipulators has been deprecated in favor of isaacsim.robot.manipulators. Please update your code accordingly.
2026-05-22T19:10:21Z [8,396ms] [Warning] [omni.isaac.manipulators.grippers.gripper] omni.isaac.manipulators has been deprecated in favor of isaacsim.robot.manipulators. Please update your code accordingly.
2026-05-22T19:10:21Z [8,399ms] [Warning] [omni.isaac.manipulators.grippers.parallel_gripper] omni.isaac.manipulators has been deprecated in favor of isaacsim.robot.manipulators. Please update your code accordingly.
2026-05-22T19:10:21Z [8,399ms] [Warning] [omni.isaac.manipulators.grippers.surface_gripper] omni.isaac.manipulators has been deprecated in favor of isaacsim.robot.manipulators. Please update your code accordingly.
2026-05-22T19:10:21Z [8,399ms] [Warning] [omni.isaac.manipulators.manipulators] omni.isaac.manipulators has been deprecated in favor of isaacsim.robot.manipulators. Please update your code accordingly.
2026-05-22T19:10:21Z [8,399ms] [Warning] [omni.isaac.manipulators.manipulators.single_manipulator] omni.isaac.manipulators has been deprecated in favor of isaacsim.robot.manipulators. Please update your code accordingly.
[8.423s] [ext: omni.isaac.lula_test_widget-1.0.6] startup
2026-05-22T19:10:21Z [8,402ms] [Warning] [omni.isaac.lula_test_widget] omni.isaac.lula_test_widget has been deprecated in favor of isaacsim.robot_motion.lula_test_widget. Please update your code accordingly.
[8.426s] [ext: omni.isaac.asset_browser-1.0.6] startup
2026-05-22T19:10:21Z [8,405ms] [Warning] [omni.isaac.asset_browser] omni.isaac.asset_browser has been deprecated in favor of isaacsim.asset.browser. Please update your code accordingly.
[8.430s] [ext: omni.kit.viewport.menubar.display-107.0.3] startup
[8.435s] [ext: omni.isaac.menu-1.0.6] startup
2026-05-22T19:10:21Z [8,415ms] [Warning] [omni.isaac.menu] omni.isaac.menu has been deprecated in favor of isaacsim.gui.menu. Please update your code accordingly.
[8.439s] [ext: omni.isaac.motion_generation-8.0.7] startup
2026-05-22T19:10:21Z [8,418ms] [Warning] [omni.isaac.motion_generation] omni.isaac.motion_generation has been deprecated in favor of isaacsim.robot_motion.motion_generation. Please update your code accordingly.
2026-05-22T19:10:21Z [8,419ms] [Warning] [omni.isaac.motion_generation.articulation_kinematics_solver] omni.isaac.motion_generation has been deprecated in favor of isaacsim.robot_motion.motion_generation. Please update your code accordingly.
2026-05-22T19:10:21Z [8,419ms] [Warning] [omni.isaac.motion_generation.articulation_motion_policy] omni.isaac.motion_generation has been deprecated in favor of isaacsim.robot_motion.motion_generation. Please update your code accordingly.
2026-05-22T19:10:21Z [8,419ms] [Warning] [omni.isaac.motion_generation.articulation_trajectory] omni.isaac.motion_generation has been deprecated in favor of isaacsim.robot_motion.motion_generation. Please update your code accordingly.
2026-05-22T19:10:21Z [8,421ms] [Warning] [omni.isaac.motion_generation.kinematics_interface] omni.isaac.motion_generation has been deprecated in favor of isaacsim.robot_motion.motion_generation. Please update your code accordingly.
2026-05-22T19:10:21Z [8,421ms] [Warning] [omni.isaac.motion_generation.lula] omni.isaac.motion_generation has been deprecated in favor of isaacsim.robot_motion.motion_generation. Please update your code accordingly.
2026-05-22T19:10:21Z [8,422ms] [Warning] [omni.isaac.motion_generation.lula.kinematics] omni.isaac.motion_generation has been deprecated in favor of isaacsim.robot_motion.motion_generation. Please update your code accordingly.
2026-05-22T19:10:21Z [8,422ms] [Warning] [omni.isaac.motion_generation.lula.motion_policies] omni.isaac.motion_generation has been deprecated in favor of isaacsim.robot_motion.motion_generation. Please update your code accordingly.
2026-05-22T19:10:21Z [8,422ms] [Warning] [omni.isaac.motion_generation.lula.path_planners] omni.isaac.motion_generation has been deprecated in favor of isaacsim.robot_motion.motion_generation. Please update your code accordingly.
2026-05-22T19:10:21Z [8,422ms] [Warning] [omni.isaac.motion_generation.lula.trajectory_generator] omni.isaac.motion_generation has been deprecated in favor of isaacsim.robot_motion.motion_generation. Please update your code accordingly.
2026-05-22T19:10:21Z [8,422ms] [Warning] [omni.isaac.motion_generation.motion_policy_controller] omni.isaac.motion_generation has been deprecated in favor of isaacsim.robot_motion.motion_generation. Please update your code accordingly.
2026-05-22T19:10:21Z [8,422ms] [Warning] [omni.isaac.motion_generation.motion_policy_interface] omni.isaac.motion_generation has been deprecated in favor of isaacsim.robot_motion.motion_generation. Please update your code accordingly.
2026-05-22T19:10:21Z [8,422ms] [Warning] [omni.isaac.motion_generation.path_planner_visualizer] omni.isaac.motion_generation has been deprecated in favor of isaacsim.robot_motion.motion_generation. Please update your code accordingly.
2026-05-22T19:10:21Z [8,422ms] [Warning] [omni.isaac.motion_generation.path_planning_interface] omni.isaac.motion_generation has been deprecated in favor of isaacsim.robot_motion.motion_generation. Please update your code accordingly.
2026-05-22T19:10:21Z [8,422ms] [Warning] [omni.isaac.motion_generation.trajectory] omni.isaac.motion_generation has been deprecated in favor of isaacsim.robot_motion.motion_generation. Please update your code accordingly.
2026-05-22T19:10:21Z [8,423ms] [Warning] [omni.isaac.motion_generation.world_interface] omni.isaac.motion_generation has been deprecated in favor of isaacsim.robot_motion.motion_generation. Please update your code accordingly.
[8.447s] [ext: omni.isaac.assets_check-0.3.13] startup
2026-05-22T19:10:21Z [8,425ms] [Warning] [omni.isaac.assets_check] omni.isaac.assets_check has been deprecated in favor of isaacsim.asset.browser. Please update your code accordingly.
[8.449s] [ext: isaacsim.gui.sensors.icon-2.0.3] startup
[8.469s] [ext: isaacsim.asset.importer.mjcf-2.5.13] startup
[8.477s] [ext: omni.sensors.nv.common-3.0.0] startup
[8.488s] [ext: isaacsim.sensors.physics-0.4.3] startup
[8.499s] [ext: omni.sensors.net-1.0.0] startup
[8.504s] [ext: omni.isaac.nucleus-1.0.6] startup
2026-05-22T19:10:21Z [8,481ms] [Warning] [omni.isaac.nucleus] omni.isaac.nucleus has been deprecated in favor of isaacsim.storage.native. Please update your code accordingly.
2026-05-22T19:10:21Z [8,482ms] [Warning] [omni.isaac.nucleus.nucleus] omni.isaac.nucleus.nucleus has been deprecated in favor of isaacsim.storage.native. Please update your code accordingly.
[8.506s] [ext: omni.sensors.nv.materials-2.0.0] startup
[8.512s] [ext: isaacsim.robot.policy.examples-4.1.11] startup
[8.516s] [ext: omni.sensors.nv.wpm-3.0.0] startup
[8.521s] [ext: omni.sensors.nv.lidar-3.0.0] startup
[8.531s] [ext: isaacsim.util.debug_draw-3.1.0] startup
[8.539s] [ext: omni.sensors.nv.radar-3.0.0] startup
[8.544s] [ext: omni.sensors.nv.ids-2.0.0] startup
[8.546s] [ext: isaacsim.core.cloner-1.4.10] startup
[8.549s] [ext: isaacsim.sensors.physx-2.3.2] startup
[8.555s] [ext: isaacsim.sensors.rtx-15.8.4] startup
[8.569s] [ext: isaacsim.sensors.camera-1.3.6] startup
[8.583s] [ext: omni.isaac.quadruped-3.0.7] startup
2026-05-22T19:10:21Z [8,565ms] [Warning] [omni.isaac.quadruped] omni.isaac.quadruped has been deprecated in favor of isaacsim.robot.policy.examples. Please update your code accordingly.
[8.590s] [ext: omni.isaac.cloner-1.0.7] startup
2026-05-22T19:10:21Z [8,570ms] [Warning] [omni.isaac.cloner] omni.isaac.cloner has been deprecated in favor of isaacsim.core.cloner. Please update your code accordingly.
[8.594s] [ext: omni.isaac.range_sensor-4.0.6] startup
2026-05-22T19:10:21Z [8,575ms] [Warning] [omni.isaac.range_sensor] omni.isaac.range_sensor has been deprecated in favor of isaacsim.sensors.physx. Please update your code accordingly.
2026-05-22T19:10:21Z [8,578ms] [Warning] [omni.isaac.range_sensor.commands] omni.isaac.range_sensor.commands has been deprecated in favor of isaacsim.sensors.physx.commands. Please update your code accordingly.
[8.605s] [ext: omni.isaac.sensor-13.0.7] startup
2026-05-22T19:10:21Z [8,584ms] [Warning] [omni.isaac.sensor] omni.isaac.sensor has been deprecated in favor of isaacsim.sensors.camera, isaacsim.sensors.physics, isaacsim.sensors.physx, and isaacsim.sensors.rtx. Please update your code accordingly.
2026-05-22T19:10:21Z [8,584ms] [Warning] [omni.isaac.sensor.camera] omni.isaac.sensor.camera has been deprecated in favor of isaacsim.sensors.camera.camera. Please update your code accordingly.
2026-05-22T19:10:21Z [8,586ms] [Warning] [omni.isaac.sensor.camera_view] omni.isaac.sensor.camera_view has been deprecated in favor of isaacsim.sensors.camera.camera_view. Please update your code accordingly.
2026-05-22T19:10:21Z [8,587ms] [Warning] [omni.isaac.sensor.commands] omni.isaac.sensor.commands has been deprecated in favor of isaacsim.sensors.physics.commands, isaacsim.sensors.physx.commands, and isaacsim.sensors.rtx.commands. Please update your code accordingly.
2026-05-22T19:10:21Z [8,588ms] [Warning] [omni.isaac.sensor.contact_sensor] omni.isaac.sensor.contact_sensor has been deprecated in favor of isaacsim.sensors.physics.contact_sensor. Please update your code accordingly.
2026-05-22T19:10:21Z [8,588ms] [Warning] [omni.isaac.sensor.imu_sensor] omni.isaac.sensor.imu_sensor has been deprecated in favor of isaacsim.sensors.physics.imu_sensor. Please update your code accordingly.
2026-05-22T19:10:21Z [8,588ms] [Warning] [omni.isaac.sensor.lidar_rtx] omni.isaac.sensor.lidar_rtx has been deprecated in favor of isaacsim.sensors.rtx.lidar_rtx. Please update your code accordingly.
2026-05-22T19:10:21Z [8,588ms] [Warning] [omni.isaac.sensor.rotating_lidar_physX] omni.isaac.sensor.imu_sensor has been deprecated in favor of isaacsim.sensors.physix.rotating_lidar_physX. Please update your code accordingly.
2026-05-22T19:10:21Z [8,589ms] [Warning] [omni.isaac.sensor.scripts.samples.contact_sensor] omni.isaac.sensor.scripts.samples.contact_sensor has been deprecated in favor of isaacsim.sensors.physics.scripts.samples.contact_sensor. Please update your code accordingly.
2026-05-22T19:10:21Z [8,590ms] [Warning] [omni.isaac.sensor.scripts.samples.imu_sensor] omni.isaac.sensor.scripts.samples.imu_sensor has been deprecated in favor of isaacsim.sensors.physics.scripts.samples.imu_sensor. Please update your code accordingly.
2026-05-22T19:10:21Z [8,590ms] [Warning] [omni.isaac.sensor.scripts.samples.lightbeam_sensor] omni.isaac.sensor.scripts.samples.lightbeam_sensor has been deprecated in favor of isaacsim.sensors.physx.scripts.samples.lightbeam_sensor. Please update your code accordingly.
[8.614s] [ext: omni.kit.menu.create-2.0.1] startup
[8.620s] [ext: omni.kit.widget.toolbar-2.0.1] startup
[8.643s] [ext: omni.kit.manipulator.transform-107.0.0] startup
[8.650s] [ext: omni.isaac.core-4.0.7] startup
2026-05-22T19:10:21Z [8,628ms] [Warning] [omni.isaac.core.physics_context.physics_context] omni.isaac.core.physics_context.physics_context has been deprecated in favor of isaacsim.core.api.physics_context.physics_context. Please update your code accordingly.
2026-05-22T19:10:21Z [8,628ms] [Warning] [omni.isaac.core.simulation_context.simulation_context] omni.isaac.core.simulation_context.simulation_context has been deprecated in favor of isaacsim.core.api.simulation_context.simulation_context. Please update your code accordingly.
2026-05-22T19:10:21Z [8,628ms] [Warning] [omni.isaac.core.world.world] omni.isaac.core.world.world has been deprecated in favor of isaacsim.core.api.world.world. Please update your code accordingly.
2026-05-22T19:10:21Z [8,628ms] [Warning] [omni.isaac.core] omni.isaac.core has been deprecated in favor of isaacsim.core.api. Please update your code accordingly.
[8.652s] [ext: omni.kit.scripting-107.3.2] startup
[8.663s] [ext: omni.kit.manipulator.tool.snap-1.5.13] startup
[8.673s] [ext: omni.kit.manipulator.selector-1.1.3] startup
[8.677s] [ext: isaacsim.app.about-2.0.11] startup
[8.689s] [ext: isaacsim.replicator.behavior-1.1.16] startup
[8.691s] [ext: omni.kit.viewport.manipulator.transform-107.0.4] startup
[8.696s] [ext: omni.isaac.window.about-2.0.7] startup
2026-05-22T19:10:21Z [8,677ms] [Warning] [omni.isaac.window.about] omni.isaac.window.about has been deprecated in favor of isaacsim.app.about. Please update your code accordingly.
2026-05-22T19:10:21Z [8,678ms] [Warning] [omni.isaac.window.about.about] omni.isaac.window.about.about has been deprecated in favor of isaacsim.app.about.about. Please update your code accordingly.
[8.702s] [ext: omni.fabric.commands-1.1.6] startup
[8.708s] [ext: omni.kit.manipulator.prim.core-107.0.8] startup
[8.722s] [ext: omni.kit.property.audio-1.0.16] startup
[8.726s] [ext: omni.kit.property.camera-1.0.10] startup
[8.729s] [ext: omni.kit.property.geometry-2.0.4] startup
[8.736s] [ext: omni.hydra.scene_api-0.1.2] startup
[8.744s] [ext: omni.kit.property.light-1.0.12] startup
[9.065s] [ext: omni.kit.manipulator.prim.fabric-107.0.4] startup
[9.068s] [ext: omni.kit.manipulator.prim.usd-107.0.3] startup
[9.071s] [ext: omni.kit.property.material-1.11.9] startup
[9.078s] [ext: omni.kit.property.render-1.2.1] startup
[9.081s] [ext: omni.kit.property.transform-1.5.13] startup
[9.086s] [ext: isaacsim.gui.property-1.1.3] startup
[9.089s] [ext: omni.kit.manipulator.camera-106.0.4] startup
[9.096s] [ext: omni.kit.manipulator.prim-107.0.0] startup
[9.097s] [ext: omni.isaac.surface_gripper-2.0.6] startup
2026-05-22T19:10:22Z [9,074ms] [Warning] [omni.isaac.surface_gripper] omni.isaac.surface_gripper has been deprecated in favor of isaacsim.robot.surface_gripper. Please update your code accordingly.
[9.098s] [ext: omni.kit.manipulator.selection-106.0.1] startup
[9.102s] [ext: omni.kit.property.bundle-1.4.1] startup
[9.106s] [ext: omni.kit.property.isaac-1.0.6] startup
2026-05-22T19:10:22Z [9,084ms] [Warning] [omni.kit.property.isaac] omni.kit.property.isaac has been deprecated in favor of isaacsim.gui.property. Please update your code accordingly.
2026-05-22T19:10:22Z [9,084ms] [Warning] [omni.kit.property.isaac.widgets] omni.kit.property.isaac.widgets has been deprecated in favor of isaacsim.gui.property.widgets. Please update your code accordingly.
[9.108s] [ext: omni.isaac.universal_robots-1.0.6] startup
2026-05-22T19:10:22Z [9,086ms] [Warning] [omni.isaac.universal_robots] omni.isaac.universal_robots has been deprecated in favor of isaacsim.robot.manipulators.examples.universal_robots. Please update your code accordingly.
2026-05-22T19:10:22Z [9,086ms] [Warning] [omni.isaac.universal_robots.kinematics_solver] omni.isaac.franka has been deprecated in favor of isaacsim.robot.manipulators.examples.universal_robots. Please update your code accordingly.
2026-05-22T19:10:22Z [9,088ms] [Warning] [omni.isaac.universal_robots.ur10] omni.isaac.franka has been deprecated in favor of isaacsim.robot.manipulators.examples.universal_robots. Please update your code accordingly.
[9.112s] [ext: omni.isaac.core_nodes-2.0.6] startup
2026-05-22T19:10:22Z [9,092ms] [Warning] [omni.isaac.core_nodes] omni.isaac.core_nodes has been deprecated in favor of isaacsim.core.nodes. Please update your code accordingly.
[9.116s] [ext: omni.kit.viewport.menubar.camera-107.0.6] startup
[9.133s] [ext: omni.kit.viewport.menubar.lighting-107.3.1] startup
[9.138s] [ext: isaacsim.replicator.writers-1.0.17] startup
[9.158s] [ext: omni.kit.viewport.menubar.render-107.0.10] startup
[9.165s] [ext: omni.kit.viewport.menubar.settings-107.0.3] startup
[9.178s] [ext: omni.kit.window.console-1.1.4] startup
[9.190s] [ext: isaacsim.replicator.domain_randomization-1.0.16] startup
[9.193s] [ext: isaacsim.replicator.examples-1.3.6] startup
[9.198s] [ext: omni.ocio-0.1.1] startup
[9.204s] [ext: omni.rtx.window.settings-0.6.19] startup
[9.221s] [ext: omni.kit.window.status_bar-0.1.9] startup
[9.227s] [ext: omni.kit.window.toolbar-2.0.0] startup
[9.246s] [ext: omni.replicator.isaac-2.0.8] startup
2026-05-22T19:10:22Z [9,225ms] [Warning] [omni.replicator.isaac] omni.replicator.isaac has been deprecated in favor of isaacsim.replicator.domain_randomization, isaacsim.replicator.examples, isaacsim.replicator.writers. Please update your code accordingly.
[9.250s] [ext: omni.replicator.replicator_yaml-2.0.11] startup
[9.285s] [ext: omni.rtx.settings.core-0.6.5] startup
[9.293s] [ext: omni.usd.metrics.assembler.ui-107.3.1] startup
[9.317s] [ext: omni.isaac.utils-2.0.6] startup
[9.320s] [ext: semantics.schema.editor-2.0.2] startup
[9.330s] [ext: omni.kit.ui.actions-1.0.5] startup
[9.334s] [ext: semantics.schema.property-2.0.1] startup
[9.338s] [ext: omni.isaac.version-2.0.7] startup
2026-05-22T19:10:22Z [9,317ms] [Warning] [omni.isaac.version] omni.isaac.version has been deprecated in favor of isaacsim.core.version. Please update your code accordingly.
[9.341s] [ext: omni.isaac.cortex-1.0.5] startup
[9.342s] [ext: omni.anim.curve.core-1.3.1] startup
[9.365s] [ext: isaacsim.core.throttling-2.2.2] startup
[9.370s] [ext: omni.kit.menu.common-2.0.1] startup
[9.374s] [ext: isaacsim.exp.base-5.1.0] startup
[9.376s] [ext: isaacsim.exp.base.python-5.1.0] startup
[9.378s] Simulation App Starting
2026-05-22T19:10:22Z [9,640ms] [Warning] [omni.fabric.plugin] Warning: attribute viewportHandle not found for bucket id 9

[9.714s] app ready
[14.126s] Simulation App Startup Complete
============================================================
  HRC2026 — Collect Perception Data
  Frames: 300 (train=270 val=30)
  Output: /home/ubuntu/tai/dataset
============================================================
2026-05-22T19:10:29Z [16,627ms] [Warning] [carb.scenerenderer-rtx.plugin] Uninitialized or unknown render mode "RealTimePathTracing" is specified.
2026-05-22T19:10:29Z [16,627ms] [Warning] [carb.scenerenderer-rtx.plugin] Uninitialized or unknown render mode is specified. Switching to RaytracedLighting instead.
[Scatter] Scatter area: center=[0.75, 0.28, 1.04], size=[0.3, 0.23]
[Scatter] x=[0.60, 0.90], y=[0.17, 0.40], z=1.04
[SceneBuilder] 箱子锁定完成: 19 个 RigidBody 已设为 kinematic
[SceneBuilder] 提取到 4 个零件路径: ['/Replicator/Ref_Xform_01', '/Replicator/Ref_Xform_02', '/Replicator/Ref_Xform_03', '/Replicator/Ref_Xform_04']
2026-05-22T19:10:30Z [17,435ms] [Warning] [omni.fabric.plugin] Warning: attribute physics:simulationOwner not found for path /Replicator/Ref_Xform_01

[1/4] Physics settling...
2026-05-22T19:10:34Z [21,550ms] [Error] [omni.physicsschema.plugin] RigidBodyAPI applied to a non-xformable primitive. (/Root/Box/Group/Mesh/OmniPBR)
2026-05-22T19:10:34Z [21,550ms] [Error] [omni.physicsschema.plugin] RigidBodyAPI applied to a non-xformable primitive. (/Root/Box/Group/Mesh/OmniPBR_01)
2026-05-22T19:10:34Z [21,550ms] [Error] [omni.physicsschema.plugin] RigidBodyAPI applied to a non-xformable primitive. (/Root/Box/Group/Mesh/OmniPBR_02)
2026-05-22T19:10:34Z [21,550ms] [Error] [omni.physicsschema.plugin] RigidBodyAPI applied to a non-xformable primitive. (/Root/Box/Group/Mesh/OmniPBR_03)
2026-05-22T19:10:34Z [21,550ms] [Error] [omni.physicsschema.plugin] RigidBodyAPI applied to a non-xformable primitive. (/Root/Box/Group/Mesh/OmniPBR_04)
2026-05-22T19:10:34Z [21,631ms] [Error] [omni.physicsschema.plugin] RigidBodyAPI applied to a non-xformable primitive. (/Root/Box/Looks)
2026-05-22T19:10:34Z [21,631ms] [Error] [omni.physicsschema.plugin] RigidBodyAPI applied to a non-xformable primitive. (/Root/Box/Looks/OmniPBR_01)
2026-05-22T19:10:34Z [21,631ms] [Error] [omni.physicsschema.plugin] RigidBodyAPI applied to a non-xformable primitive. (/Root/Box/Looks/OmniPBR_01/Shader)
2026-05-22T19:10:34Z [21,631ms] [Error] [omni.physicsschema.plugin] RigidBodyAPI applied to a non-xformable primitive. (/Root/Box/Looks/OmniPBR_02)
2026-05-22T19:10:34Z [21,631ms] [Error] [omni.physicsschema.plugin] RigidBodyAPI applied to a non-xformable primitive. (/Root/Box/Looks/OmniPBR_02/Shader)
2026-05-22T19:10:34Z [21,631ms] [Error] [omni.physicsschema.plugin] RigidBodyAPI applied to a non-xformable primitive. (/Root/Box/Looks/OmniPBR_03)
2026-05-22T19:10:34Z [21,631ms] [Error] [omni.physicsschema.plugin] RigidBodyAPI applied to a non-xformable primitive. (/Root/Box/Looks/OmniPBR_03/Shader)
2026-05-22T19:10:34Z [21,631ms] [Error] [omni.physicsschema.plugin] RigidBodyAPI applied to a non-xformable primitive. (/Root/Box/Looks/OmniPBR_04)
2026-05-22T19:10:34Z [21,631ms] [Error] [omni.physicsschema.plugin] RigidBodyAPI applied to a non-xformable primitive. (/Root/Box/Looks/OmniPBR_04/Shader)
2026-05-22T19:10:34Z [21,632ms] [Error] [omni.physicsschema.plugin] Rigid Body of (/Root/Box/Group) missing xformstack reset when child of another enabled rigid body (/Root/Box) in hierarchy. Simulation of multiple RigidBodyAPI's in a hierarchy will cause unpredicted results. Please fix the hierarchy or use XformStack reset.
2026-05-22T19:10:34Z [21,632ms] [Error] [omni.physicsschema.plugin] Rigid Body of (/Root/Box/Group/Mesh) missing xformstack reset when child of another enabled rigid body (/Root/Box) in hierarchy. Simulation of multiple RigidBodyAPI's in a hierarchy will cause unpredicted results. Please fix the hierarchy or use XformStack reset.
2026-05-22T19:10:34Z [21,632ms] [Error] [omni.physicsschema.plugin] RigidBodyAPI applied to a non-xformable primitive. (/Root/Box/Group/Mesh/OmniPBR)
2026-05-22T19:10:34Z [21,632ms] [Error] [omni.physicsschema.plugin] RigidBodyAPI applied to a non-xformable primitive. (/Root/Box/Group/Mesh/OmniPBR_01)
2026-05-22T19:10:34Z [21,632ms] [Error] [omni.physicsschema.plugin] RigidBodyAPI applied to a non-xformable primitive. (/Root/Box/Group/Mesh/OmniPBR_02)
2026-05-22T19:10:34Z [21,632ms] [Error] [omni.physicsschema.plugin] RigidBodyAPI applied to a non-xformable primitive. (/Root/Box/Group/Mesh/OmniPBR_03)
2026-05-22T19:10:34Z [21,632ms] [Error] [omni.physicsschema.plugin] RigidBodyAPI applied to a non-xformable primitive. (/Root/Box/Group/Mesh/OmniPBR_04)
2026-05-22T19:10:34Z [21,632ms] [Error] [omni.physicsschema.plugin] Rigid Body of (/Root/Box/Group/Cube) missing xformstack reset when child of another enabled rigid body (/Root/Box) in hierarchy. Simulation of multiple RigidBodyAPI's in a hierarchy will cause unpredicted results. Please fix the hierarchy or use XformStack reset.
2026-05-22T19:10:34Z [21,632ms] [Error] [omni.physicsschema.plugin] RigidBodyAPI applied to a non-xformable primitive. (/Root/Box/PhysicsMaterial)
[SceneBuilder] FixedJoint 位姿已更新: /Root/Ref_Xform/Ref/joints/FixedJoint  pos=[0.7, -0.2, 0.9]  rot_deg=[0, 0, 90]
[SceneBuilder] 已覆盖 1 个 FixedJoint — robot 将在 YAML 指定位置 [0.7, -0.2, 0.9] 生成
2026-05-22T19:10:35Z [22,256ms] [Warning] [omni.usd] Warning: in _ReportErrors at line 3172 of /builds/omniverse/usd-ci/USD/pxr/usd/usd/stage.cpp -- In </__Prototype_5/finger1_link.material:binding>: The relationship target </World/s2_v1/Looks/material_CAD1EE> from </Flattened_Prototype_1/finger1_link.material:binding> in layer @/home/ubuntu/tai/assets/resources/Collected_s2_v1_ecbg/SubUSDs/R_finger1_link.usd@ refers to a path outside the scope of the reference from </Root/R_finger1_link/visuals>.  Ignoring. (getting targets for relationship </__Prototype_5/finger1_link.material:binding> on stage @/home/ubuntu/tai/assets/resources/Collected_Task4/SubUSDs/2_small_warehouse2.usd@ <0x2b8ee9e0>)

2026-05-22T19:10:35Z [22,256ms] [Warning] [omni.usd] Warning (secondary thread): in _ReportErrors at line 3172 of /builds/omniverse/usd-ci/USD/pxr/usd/usd/stage.cpp -- In </__Prototype_3/camera_link.material:binding>: The relationship target </s2_v1/Looks/material_CAD1EE> from </Flattened_Prototype_2/camera_link.material:binding> in layer @/home/ubuntu/tai/assets/resources/Collected_s2_v1_ecbg/SubUSDs/L_camera_link.usd@ refers to a path outside the scope of the reference from </Root/L_camera_link/visuals>.  Ignoring. (getting targets for relationship </__Prototype_3/camera_link.material:binding> on stage @/home/ubuntu/tai/assets/resources/Collected_Task4/SubUSDs/2_small_warehouse2.usd@ <0x2b8ee9e0>)

2026-05-22T19:10:35Z [22,256ms] [Warning] [omni.usd] Warning (secondary thread): in _ReportErrors at line 3172 of /builds/omniverse/usd-ci/USD/pxr/usd/usd/stage.cpp -- In </__Prototype_6/finger2_link.material:binding>: The relationship target </World/s2_v1/Looks/material_CAD1EE> from </Flattened_Prototype_1/finger2_link.material:binding> in layer @/home/ubuntu/tai/assets/resources/Collected_s2_v1_ecbg/SubUSDs/R_finger2_link.usd@ refers to a path outside the scope of the reference from </Root/R_finger2_link/visuals>.  Ignoring. (getting targets for relationship </__Prototype_6/finger2_link.material:binding> on stage @/home/ubuntu/tai/assets/resources/Collected_Task4/SubUSDs/2_small_warehouse2.usd@ <0x2b8ee9e0>)

2026-05-22T19:10:35Z [22,256ms] [Warning] [omni.usd] Warning (secondary thread): in _ReportErrors at line 3172 of /builds/omniverse/usd-ci/USD/pxr/usd/usd/stage.cpp -- In </__Prototype_10/finger2_link.material:binding>: The relationship target </World/s2_v1/Looks/material_CAD1EE> from </Flattened_Prototype_1/finger2_link.material:binding> in layer @/home/ubuntu/tai/assets/resources/Collected_s2_v1_ecbg/SubUSDs/L_finger2_link.usd@ refers to a path outside the scope of the reference from </Root/L_finger2_link/visuals>.  Ignoring. (getting targets for relationship </__Prototype_10/finger2_link.material:binding> on stage @/home/ubuntu/tai/assets/resources/Collected_Task4/SubUSDs/2_small_warehouse2.usd@ <0x2b8ee9e0>)

2026-05-22T19:10:35Z [22,256ms] [Warning] [omni.usd] Warning (secondary thread): in _ReportErrors at line 3172 of /builds/omniverse/usd-ci/USD/pxr/usd/usd/stage.cpp -- In </__Prototype_8/finger1_link.material:binding>: The relationship target </World/s2_v1/Looks/material_CAD1EE> from </Flattened_Prototype_1/finger1_link.material:binding> in layer @/home/ubuntu/tai/assets/resources/Collected_s2_v1_ecbg/SubUSDs/L_finger1_link.usd@ refers to a path outside the scope of the reference from </Root/L_finger1_link/visuals>.  Ignoring. (getting targets for relationship </__Prototype_8/finger1_link.material:binding> on stage @/home/ubuntu/tai/assets/resources/Collected_Task4/SubUSDs/2_small_warehouse2.usd@ <0x2b8ee9e0>)

2026-05-22T19:10:35Z [22,257ms] [Warning] [omni.usd] Warning (secondary thread): in _ReportErrors at line 3172 of /builds/omniverse/usd-ci/USD/pxr/usd/usd/stage.cpp -- In </__Prototype_1/camera_link.material:binding>: The relationship target </s2_v1/Looks/material_CAD1EE> from </Flattened_Prototype_2/camera_link.material:binding> in layer @/home/ubuntu/tai/assets/resources/Collected_s2_v1_ecbg/SubUSDs/R_camera_link.usd@ refers to a path outside the scope of the reference from </Root/R_camera_link/visuals>.  Ignoring. (getting targets for relationship </__Prototype_1/camera_link.material:binding> on stage @/home/ubuntu/tai/assets/resources/Collected_Task4/SubUSDs/2_small_warehouse2.usd@ <0x2b8ee9e0>)

2026-05-22T19:10:35Z [22,257ms] [Warning] [omni.usd] Warning (secondary thread): in _ReportErrors at line 3172 of /builds/omniverse/usd-ci/USD/pxr/usd/usd/stage.cpp -- In </__Prototype_2/pgc_base_link.material:binding>: The relationship target </s2_v1/Looks/material_CAD1EE> from </Flattened_Prototype_2/pgc_base_link.material:binding> in layer @/home/ubuntu/tai/assets/resources/Collected_s2_v1_ecbg/SubUSDs/L_pgc_base_link.usd@ refers to a path outside the scope of the reference from </Root/L_pgc_base_link/visuals>.  Ignoring. (getting targets for relationship </__Prototype_2/pgc_base_link.material:binding> on stage @/home/ubuntu/tai/assets/resources/Collected_Task4/SubUSDs/2_small_warehouse2.usd@ <0x2b8ee9e0>)

2026-05-22T19:10:35Z [22,257ms] [Warning] [omni.usd] Warning (secondary thread): in _ReportErrors at line 3172 of /builds/omniverse/usd-ci/USD/pxr/usd/usd/stage.cpp -- In </__Prototype_4/pgc_base_link.material:binding>: The relationship target </s2_v1/Looks/material_CAD1EE> from </Flattened_Prototype_2/pgc_base_link.material:binding> in layer @/home/ubuntu/tai/assets/resources/Collected_s2_v1_ecbg/SubUSDs/R_pgc_base_link.usd@ refers to a path outside the scope of the reference from </Root/R_pgc_base_link/visuals>.  Ignoring. (getting targets for relationship </__Prototype_4/pgc_base_link.material:binding> on stage @/home/ubuntu/tai/assets/resources/Collected_Task4/SubUSDs/2_small_warehouse2.usd@ <0x2b8ee9e0>)

2026-05-22T19:10:35Z [22,384ms] [Warning] [omni.usd] Warning: in _ReportErrors at line 3172 of /builds/omniverse/usd-ci/USD/pxr/usd/usd/stage.cpp -- In </Root/Ref_Xform/Ref/L_pgc_base_link/L_pgc_base_link/visuals/pgc_base_link.material:binding>: The relationship target </s2_v1/Looks/material_CAD1EE> from </Flattened_Prototype_2/pgc_base_link.material:binding> in layer @/home/ubuntu/tai/assets/resources/Collected_s2_v1_ecbg/SubUSDs/L_pgc_base_link.usd@ refers to a path outside the scope of the reference from </Root/L_pgc_base_link/visuals>.  Ignoring. (getting targets for relationship </Root/Ref_Xform/Ref/L_pgc_base_link/L_pgc_base_link/visuals/pgc_base_link.material:binding> on stage @/home/ubuntu/tai/assets/resources/Collected_Task4/SubUSDs/2_small_warehouse2.usd@ <0x2b8ee9e0>)

2026-05-22T19:10:35Z [22,385ms] [Warning] [omni.usd] Warning: in _ReportErrors at line 3172 of /builds/omniverse/usd-ci/USD/pxr/usd/usd/stage.cpp -- In </Root/Ref_Xform/Ref/R_pgc_base_link/R_pgc_base_link/visuals/pgc_base_link.material:binding>: The relationship target </s2_v1/Looks/material_CAD1EE> from </Flattened_Prototype_2/pgc_base_link.material:binding> in layer @/home/ubuntu/tai/assets/resources/Collected_s2_v1_ecbg/SubUSDs/R_pgc_base_link.usd@ refers to a path outside the scope of the reference from </Root/R_pgc_base_link/visuals>.  Ignoring. (getting targets for relationship </Root/Ref_Xform/Ref/R_pgc_base_link/R_pgc_base_link/visuals/pgc_base_link.material:binding> on stage @/home/ubuntu/tai/assets/resources/Collected_Task4/SubUSDs/2_small_warehouse2.usd@ <0x2b8ee9e0>)

2026-05-22T19:10:35Z [22,385ms] [Warning] [omni.usd] Warning: in _ReportErrors at line 3172 of /builds/omniverse/usd-ci/USD/pxr/usd/usd/stage.cpp -- In </Root/Ref_Xform/Ref/L_camera_link/L_camera_link/visuals/camera_link.material:binding>: The relationship target </s2_v1/Looks/material_CAD1EE> from </Flattened_Prototype_2/camera_link.material:binding> in layer @/home/ubuntu/tai/assets/resources/Collected_s2_v1_ecbg/SubUSDs/L_camera_link.usd@ refers to a path outside the scope of the reference from </Root/L_camera_link/visuals>.  Ignoring. (getting targets for relationship </Root/Ref_Xform/Ref/L_camera_link/L_camera_link/visuals/camera_link.material:binding> on stage @/home/ubuntu/tai/assets/resources/Collected_Task4/SubUSDs/2_small_warehouse2.usd@ <0x2b8ee9e0>)

2026-05-22T19:10:35Z [22,385ms] [Warning] [omni.usd] Warning: in _ReportErrors at line 3172 of /builds/omniverse/usd-ci/USD/pxr/usd/usd/stage.cpp -- In </Root/Ref_Xform/Ref/R_camera_link/R_camera_link/visuals/camera_link.material:binding>: The relationship target </s2_v1/Looks/material_CAD1EE> from </Flattened_Prototype_2/camera_link.material:binding> in layer @/home/ubuntu/tai/assets/resources/Collected_s2_v1_ecbg/SubUSDs/R_camera_link.usd@ refers to a path outside the scope of the reference from </Root/R_camera_link/visuals>.  Ignoring. (getting targets for relationship </Root/Ref_Xform/Ref/R_camera_link/R_camera_link/visuals/camera_link.material:binding> on stage @/home/ubuntu/tai/assets/resources/Collected_Task4/SubUSDs/2_small_warehouse2.usd@ <0x2b8ee9e0>)

2026-05-22T19:10:35Z [22,385ms] [Warning] [omni.usd] Warning: in _ReportErrors at line 3172 of /builds/omniverse/usd-ci/USD/pxr/usd/usd/stage.cpp -- In </Root/Ref_Xform/Ref/L_finger1_link/L_finger1_link/visuals/finger1_link.material:binding>: The relationship target </World/s2_v1/Looks/material_CAD1EE> from </Flattened_Prototype_1/finger1_link.material:binding> in layer @/home/ubuntu/tai/assets/resources/Collected_s2_v1_ecbg/SubUSDs/L_finger1_link.usd@ refers to a path outside the scope of the reference from </Root/L_finger1_link/visuals>.  Ignoring. (getting targets for relationship </Root/Ref_Xform/Ref/L_finger1_link/L_finger1_link/visuals/finger1_link.material:binding> on stage @/home/ubuntu/tai/assets/resources/Collected_Task4/SubUSDs/2_small_warehouse2.usd@ <0x2b8ee9e0>)

2026-05-22T19:10:35Z [22,385ms] [Warning] [omni.usd] Warning: in _ReportErrors at line 3172 of /builds/omniverse/usd-ci/USD/pxr/usd/usd/stage.cpp -- In </Root/Ref_Xform/Ref/L_finger2_link/L_finger2_link/visuals/finger2_link.material:binding>: The relationship target </World/s2_v1/Looks/material_CAD1EE> from </Flattened_Prototype_1/finger2_link.material:binding> in layer @/home/ubuntu/tai/assets/resources/Collected_s2_v1_ecbg/SubUSDs/L_finger2_link.usd@ refers to a path outside the scope of the reference from </Root/L_finger2_link/visuals>.  Ignoring. (getting targets for relationship </Root/Ref_Xform/Ref/L_finger2_link/L_finger2_link/visuals/finger2_link.material:binding> on stage @/home/ubuntu/tai/assets/resources/Collected_Task4/SubUSDs/2_small_warehouse2.usd@ <0x2b8ee9e0>)

2026-05-22T19:10:35Z [22,385ms] [Warning] [omni.usd] Warning: in _ReportErrors at line 3172 of /builds/omniverse/usd-ci/USD/pxr/usd/usd/stage.cpp -- In </Root/Ref_Xform/Ref/R_finger1_link/R_finger1_link/visuals/finger1_link.material:binding>: The relationship target </World/s2_v1/Looks/material_CAD1EE> from </Flattened_Prototype_1/finger1_link.material:binding> in layer @/home/ubuntu/tai/assets/resources/Collected_s2_v1_ecbg/SubUSDs/R_finger1_link.usd@ refers to a path outside the scope of the reference from </Root/R_finger1_link/visuals>.  Ignoring. (getting targets for relationship </Root/Ref_Xform/Ref/R_finger1_link/R_finger1_link/visuals/finger1_link.material:binding> on stage @/home/ubuntu/tai/assets/resources/Collected_Task4/SubUSDs/2_small_warehouse2.usd@ <0x2b8ee9e0>)

2026-05-22T19:10:35Z [22,385ms] [Warning] [omni.usd] Warning: in _ReportErrors at line 3172 of /builds/omniverse/usd-ci/USD/pxr/usd/usd/stage.cpp -- In </Root/Ref_Xform/Ref/R_finger2_link/R_finger2_link/visuals/finger2_link.material:binding>: The relationship target </World/s2_v1/Looks/material_CAD1EE> from </Flattened_Prototype_1/finger2_link.material:binding> in layer @/home/ubuntu/tai/assets/resources/Collected_s2_v1_ecbg/SubUSDs/R_finger2_link.usd@ refers to a path outside the scope of the reference from </Root/R_finger2_link/visuals>.  Ignoring. (getting targets for relationship </Root/Ref_Xform/Ref/R_finger2_link/R_finger2_link/visuals/finger2_link.material:binding> on stage @/home/ubuntu/tai/assets/resources/Collected_Task4/SubUSDs/2_small_warehouse2.usd@ <0x2b8ee9e0>)

2026-05-22T19:10:35Z [22,564ms] [Warning] [omni.physx.plugin] Stiffness attribute is unsupported for articulation joints and will be ignored (/Root/Ref_Xform/Ref/joints/L_finger1_joint).
2026-05-22T19:10:35Z [22,564ms] [Warning] [omni.physx.plugin] Restitution attribute is unsupported for articulation joints and will be ignored (/Root/Ref_Xform/Ref/joints/L_finger1_joint).
2026-05-22T19:10:35Z [22,564ms] [Warning] [omni.physx.plugin] Stiffness attribute is unsupported for articulation joints and will be ignored (/Root/Ref_Xform/Ref/joints/L_finger2_joint).
2026-05-22T19:10:35Z [22,564ms] [Warning] [omni.physx.plugin] Restitution attribute is unsupported for articulation joints and will be ignored (/Root/Ref_Xform/Ref/joints/L_finger2_joint).
2026-05-22T19:10:35Z [22,564ms] [Warning] [omni.physx.plugin] Stiffness attribute is unsupported for articulation joints and will be ignored (/Root/Ref_Xform/Ref/joints/R_finger1_joint).
2026-05-22T19:10:35Z [22,564ms] [Warning] [omni.physx.plugin] Damping attribute is unsupported for articulation joints and will be ignored (/Root/Ref_Xform/Ref/joints/R_finger1_joint).
2026-05-22T19:10:35Z [22,564ms] [Warning] [omni.physx.plugin] Stiffness attribute is unsupported for articulation joints and will be ignored (/Root/Ref_Xform/Ref/joints/R_finger2_joint).
2026-05-22T19:10:35Z [22,564ms] [Warning] [omni.physx.plugin] Restitution attribute is unsupported for articulation joints and will be ignored (/Root/Ref_Xform/Ref/joints/R_finger2_joint).
2026-05-22T19:10:35Z [22,564ms] [Warning] [omni.physx.plugin] Stiffness attribute is unsupported for articulation joints and will be ignored (/Root/Ref_Xform/Ref/joints/L_finger1_joint).
2026-05-22T19:10:35Z [22,564ms] [Warning] [omni.physx.plugin] Restitution attribute is unsupported for articulation joints and will be ignored (/Root/Ref_Xform/Ref/joints/L_finger1_joint).
2026-05-22T19:10:35Z [22,564ms] [Warning] [omni.physx.plugin] Stiffness attribute is unsupported for articulation joints and will be ignored (/Root/Ref_Xform/Ref/joints/L_finger2_joint).
2026-05-22T19:10:35Z [22,564ms] [Warning] [omni.physx.plugin] Restitution attribute is unsupported for articulation joints and will be ignored (/Root/Ref_Xform/Ref/joints/L_finger2_joint).
2026-05-22T19:10:35Z [22,564ms] [Warning] [omni.physx.plugin] Stiffness attribute is unsupported for articulation joints and will be ignored (/Root/Ref_Xform/Ref/joints/R_finger1_joint).
2026-05-22T19:10:35Z [22,564ms] [Warning] [omni.physx.plugin] Damping attribute is unsupported for articulation joints and will be ignored (/Root/Ref_Xform/Ref/joints/R_finger1_joint).
2026-05-22T19:10:35Z [22,564ms] [Warning] [omni.physx.plugin] Stiffness attribute is unsupported for articulation joints and will be ignored (/Root/Ref_Xform/Ref/joints/R_finger2_joint).
2026-05-22T19:10:35Z [22,564ms] [Warning] [omni.physx.plugin] Restitution attribute is unsupported for articulation joints and will be ignored (/Root/Ref_Xform/Ref/joints/R_finger2_joint).
2026-05-22T19:10:35Z [22,564ms] [Warning] [omni.physx.plugin] Stiffness attribute is unsupported for articulation joints and will be ignored (/Root/Ref_Xform/Ref/joints/L_finger1_joint).
2026-05-22T19:10:35Z [22,564ms] [Warning] [omni.physx.plugin] Restitution attribute is unsupported for articulation joints and will be ignored (/Root/Ref_Xform/Ref/joints/L_finger1_joint).
2026-05-22T19:10:35Z [22,564ms] [Warning] [omni.physx.plugin] Stiffness attribute is unsupported for articulation joints and will be ignored (/Root/Ref_Xform/Ref/joints/L_finger2_joint).
2026-05-22T19:10:35Z [22,564ms] [Warning] [omni.physx.plugin] Restitution attribute is unsupported for articulation joints and will be ignored (/Root/Ref_Xform/Ref/joints/L_finger2_joint).
2026-05-22T19:10:35Z [22,564ms] [Warning] [omni.physx.plugin] Stiffness attribute is unsupported for articulation joints and will be ignored (/Root/Ref_Xform/Ref/joints/R_finger1_joint).
2026-05-22T19:10:35Z [22,564ms] [Warning] [omni.physx.plugin] Damping attribute is unsupported for articulation joints and will be ignored (/Root/Ref_Xform/Ref/joints/R_finger1_joint).
2026-05-22T19:10:35Z [22,564ms] [Warning] [omni.physx.plugin] Stiffness attribute is unsupported for articulation joints and will be ignored (/Root/Ref_Xform/Ref/joints/R_finger2_joint).
2026-05-22T19:10:35Z [22,564ms] [Warning] [omni.physx.plugin] Restitution attribute is unsupported for articulation joints and will be ignored (/Root/Ref_Xform/Ref/joints/R_finger2_joint).
2026-05-22T19:10:35Z [22,564ms] [Warning] [omni.physx.plugin] Stiffness attribute is unsupported for articulation joints and will be ignored (/Root/Ref_Xform/Ref/joints/L_finger1_joint).
2026-05-22T19:10:35Z [22,564ms] [Warning] [omni.physx.plugin] Restitution attribute is unsupported for articulation joints and will be ignored (/Root/Ref_Xform/Ref/joints/L_finger1_joint).
2026-05-22T19:10:35Z [22,564ms] [Warning] [omni.physx.plugin] Stiffness attribute is unsupported for articulation joints and will be ignored (/Root/Ref_Xform/Ref/joints/L_finger2_joint).
2026-05-22T19:10:35Z [22,564ms] [Warning] [omni.physx.plugin] Restitution attribute is unsupported for articulation joints and will be ignored (/Root/Ref_Xform/Ref/joints/L_finger2_joint).
2026-05-22T19:10:35Z [22,564ms] [Warning] [omni.physx.plugin] Stiffness attribute is unsupported for articulation joints and will be ignored (/Root/Ref_Xform/Ref/joints/R_finger1_joint).
2026-05-22T19:10:35Z [22,565ms] [Warning] [omni.physx.plugin] Damping attribute is unsupported for articulation joints and will be ignored (/Root/Ref_Xform/Ref/joints/R_finger1_joint).
2026-05-22T19:10:35Z [22,565ms] [Warning] [omni.physx.plugin] Stiffness attribute is unsupported for articulation joints and will be ignored (/Root/Ref_Xform/Ref/joints/R_finger2_joint).
2026-05-22T19:10:35Z [22,565ms] [Warning] [omni.physx.plugin] Restitution attribute is unsupported for articulation joints and will be ignored (/Root/Ref_Xform/Ref/joints/R_finger2_joint).
2026-05-22T19:10:35Z [22,565ms] [Warning] [omni.physx.plugin] Stiffness attribute is unsupported for articulation joints and will be ignored (/Root/Ref_Xform/Ref/joints/L_finger1_joint).
2026-05-22T19:10:35Z [22,565ms] [Warning] [omni.physx.plugin] Restitution attribute is unsupported for articulation joints and will be ignored (/Root/Ref_Xform/Ref/joints/L_finger1_joint).
2026-05-22T19:10:35Z [22,565ms] [Warning] [omni.physx.plugin] Stiffness attribute is unsupported for articulation joints and will be ignored (/Root/Ref_Xform/Ref/joints/L_finger2_joint).
2026-05-22T19:10:35Z [22,565ms] [Warning] [omni.physx.plugin] Restitution attribute is unsupported for articulation joints and will be ignored (/Root/Ref_Xform/Ref/joints/L_finger2_joint).
2026-05-22T19:10:35Z [22,565ms] [Warning] [omni.physx.plugin] Stiffness attribute is unsupported for articulation joints and will be ignored (/Root/Ref_Xform/Ref/joints/R_finger1_joint).
2026-05-22T19:10:35Z [22,565ms] [Warning] [omni.physx.plugin] Damping attribute is unsupported for articulation joints and will be ignored (/Root/Ref_Xform/Ref/joints/R_finger1_joint).
2026-05-22T19:10:35Z [22,565ms] [Warning] [omni.physx.plugin] Stiffness attribute is unsupported for articulation joints and will be ignored (/Root/Ref_Xform/Ref/joints/R_finger2_joint).
2026-05-22T19:10:35Z [22,565ms] [Warning] [omni.physx.plugin] Restitution attribute is unsupported for articulation joints and will be ignored (/Root/Ref_Xform/Ref/joints/R_finger2_joint).
2026-05-22T19:10:35Z [22,565ms] [Warning] [omni.physx.plugin] Stiffness attribute is unsupported for articulation joints and will be ignored (/Root/Ref_Xform/Ref/joints/L_finger1_joint).
2026-05-22T19:10:35Z [22,565ms] [Warning] [omni.physx.plugin] Restitution attribute is unsupported for articulation joints and will be ignored (/Root/Ref_Xform/Ref/joints/L_finger1_joint).
2026-05-22T19:10:35Z [22,565ms] [Warning] [omni.physx.plugin] Stiffness attribute is unsupported for articulation joints and will be ignored (/Root/Ref_Xform/Ref/joints/L_finger2_joint).
2026-05-22T19:10:35Z [22,565ms] [Warning] [omni.physx.plugin] Restitution attribute is unsupported for articulation joints and will be ignored (/Root/Ref_Xform/Ref/joints/L_finger2_joint).
2026-05-22T19:10:35Z [22,565ms] [Warning] [omni.physx.plugin] Stiffness attribute is unsupported for articulation joints and will be ignored (/Root/Ref_Xform/Ref/joints/R_finger1_joint).
2026-05-22T19:10:35Z [22,565ms] [Warning] [omni.physx.plugin] Damping attribute is unsupported for articulation joints and will be ignored (/Root/Ref_Xform/Ref/joints/R_finger1_joint).
2026-05-22T19:10:35Z [22,565ms] [Warning] [omni.physx.plugin] Stiffness attribute is unsupported for articulation joints and will be ignored (/Root/Ref_Xform/Ref/joints/R_finger2_joint).
2026-05-22T19:10:35Z [22,565ms] [Warning] [omni.physx.plugin] Restitution attribute is unsupported for articulation joints and will be ignored (/Root/Ref_Xform/Ref/joints/R_finger2_joint).
2026-05-22T19:10:35Z [22,565ms] [Warning] [omni.physx.plugin] Stiffness attribute is unsupported for articulation joints and will be ignored (/Root/Ref_Xform/Ref/joints/L_finger1_joint).
2026-05-22T19:10:35Z [22,566ms] [Warning] [omni.physx.plugin] Restitution attribute is unsupported for articulation joints and will be ignored (/Root/Ref_Xform/Ref/joints/L_finger1_joint).
2026-05-22T19:10:35Z [22,566ms] [Warning] [omni.physx.plugin] Stiffness attribute is unsupported for articulation joints and will be ignored (/Root/Ref_Xform/Ref/joints/L_finger2_joint).
2026-05-22T19:10:35Z [22,566ms] [Warning] [omni.physx.plugin] Restitution attribute is unsupported for articulation joints and will be ignored (/Root/Ref_Xform/Ref/joints/L_finger2_joint).
2026-05-22T19:10:35Z [22,566ms] [Warning] [omni.physx.plugin] Stiffness attribute is unsupported for articulation joints and will be ignored (/Root/Ref_Xform/Ref/joints/R_finger1_joint).
2026-05-22T19:10:35Z [22,566ms] [Warning] [omni.physx.plugin] Damping attribute is unsupported for articulation joints and will be ignored (/Root/Ref_Xform/Ref/joints/R_finger1_joint).
2026-05-22T19:10:35Z [22,566ms] [Warning] [omni.physx.plugin] Stiffness attribute is unsupported for articulation joints and will be ignored (/Root/Ref_Xform/Ref/joints/R_finger2_joint).
2026-05-22T19:10:35Z [22,566ms] [Warning] [omni.physx.plugin] Restitution attribute is unsupported for articulation joints and will be ignored (/Root/Ref_Xform/Ref/joints/R_finger2_joint).
2026-05-22T19:10:35Z [22,566ms] [Warning] [omni.physx.plugin] Stiffness attribute is unsupported for articulation joints and will be ignored (/Root/Ref_Xform/Ref/joints/L_finger1_joint).
2026-05-22T19:10:35Z [22,566ms] [Warning] [omni.physx.plugin] Restitution attribute is unsupported for articulation joints and will be ignored (/Root/Ref_Xform/Ref/joints/L_finger1_joint).
2026-05-22T19:10:35Z [22,566ms] [Warning] [omni.physx.plugin] Stiffness attribute is unsupported for articulation joints and will be ignored (/Root/Ref_Xform/Ref/joints/L_finger2_joint).
2026-05-22T19:10:35Z [22,566ms] [Warning] [omni.physx.plugin] Restitution attribute is unsupported for articulation joints and will be ignored (/Root/Ref_Xform/Ref/joints/L_finger2_joint).
2026-05-22T19:10:35Z [22,566ms] [Warning] [omni.physx.plugin] Stiffness attribute is unsupported for articulation joints and will be ignored (/Root/Ref_Xform/Ref/joints/R_finger1_joint).
2026-05-22T19:10:35Z [22,566ms] [Warning] [omni.physx.plugin] Damping attribute is unsupported for articulation joints and will be ignored (/Root/Ref_Xform/Ref/joints/R_finger1_joint).
2026-05-22T19:10:35Z [22,566ms] [Warning] [omni.physx.plugin] Stiffness attribute is unsupported for articulation joints and will be ignored (/Root/Ref_Xform/Ref/joints/R_finger2_joint).
2026-05-22T19:10:35Z [22,566ms] [Warning] [omni.physx.plugin] Restitution attribute is unsupported for articulation joints and will be ignored (/Root/Ref_Xform/Ref/joints/R_finger2_joint).
2026-05-22T19:10:35Z [22,566ms] [Warning] [omni.physx.plugin] Stiffness attribute is unsupported for articulation joints and will be ignored (/Root/Ref_Xform/Ref/joints/L_finger1_joint).
2026-05-22T19:10:35Z [22,566ms] [Warning] [omni.physx.plugin] Restitution attribute is unsupported for articulation joints and will be ignored (/Root/Ref_Xform/Ref/joints/L_finger1_joint).
2026-05-22T19:10:35Z [22,566ms] [Warning] [omni.physx.plugin] Stiffness attribute is unsupported for articulation joints and will be ignored (/Root/Ref_Xform/Ref/joints/L_finger2_joint).
2026-05-22T19:10:35Z [22,566ms] [Warning] [omni.physx.plugin] Restitution attribute is unsupported for articulation joints and will be ignored (/Root/Ref_Xform/Ref/joints/L_finger2_joint).
2026-05-22T19:10:35Z [22,566ms] [Warning] [omni.physx.plugin] Stiffness attribute is unsupported for articulation joints and will be ignored (/Root/Ref_Xform/Ref/joints/R_finger1_joint).
2026-05-22T19:10:35Z [22,566ms] [Warning] [omni.physx.plugin] Damping attribute is unsupported for articulation joints and will be ignored (/Root/Ref_Xform/Ref/joints/R_finger1_joint).
2026-05-22T19:10:35Z [22,566ms] [Warning] [omni.physx.plugin] Stiffness attribute is unsupported for articulation joints and will be ignored (/Root/Ref_Xform/Ref/joints/R_finger2_joint).
2026-05-22T19:10:35Z [22,566ms] [Warning] [omni.physx.plugin] Restitution attribute is unsupported for articulation joints and will be ignored (/Root/Ref_Xform/Ref/joints/R_finger2_joint).
2026-05-22T19:10:35Z [22,566ms] [Warning] [omni.physx.plugin] Stiffness attribute is unsupported for articulation joints and will be ignored (/Root/Ref_Xform/Ref/joints/L_finger1_joint).
2026-05-22T19:10:35Z [22,566ms] [Warning] [omni.physx.plugin] Restitution attribute is unsupported for articulation joints and will be ignored (/Root/Ref_Xform/Ref/joints/L_finger1_joint).
2026-05-22T19:10:35Z [22,567ms] [Warning] [omni.physx.plugin] Stiffness attribute is unsupported for articulation joints and will be ignored (/Root/Ref_Xform/Ref/joints/L_finger2_joint).
2026-05-22T19:10:35Z [22,567ms] [Warning] [omni.physx.plugin] Restitution attribute is unsupported for articulation joints and will be ignored (/Root/Ref_Xform/Ref/joints/L_finger2_joint).
2026-05-22T19:10:35Z [22,567ms] [Warning] [omni.physx.plugin] Stiffness attribute is unsupported for articulation joints and will be ignored (/Root/Ref_Xform/Ref/joints/R_finger1_joint).
2026-05-22T19:10:35Z [22,567ms] [Warning] [omni.physx.plugin] Damping attribute is unsupported for articulation joints and will be ignored (/Root/Ref_Xform/Ref/joints/R_finger1_joint).
2026-05-22T19:10:35Z [22,567ms] [Warning] [omni.physx.plugin] Stiffness attribute is unsupported for articulation joints and will be ignored (/Root/Ref_Xform/Ref/joints/R_finger2_joint).
2026-05-22T19:10:35Z [22,567ms] [Warning] [omni.physx.plugin] Restitution attribute is unsupported for articulation joints and will be ignored (/Root/Ref_Xform/Ref/joints/R_finger2_joint).
2026-05-22T19:10:35Z [22,567ms] [Warning] [omni.physx.plugin] Stiffness attribute is unsupported for articulation joints and will be ignored (/Root/Ref_Xform/Ref/joints/L_finger1_joint).
2026-05-22T19:10:35Z [22,567ms] [Warning] [omni.physx.plugin] Restitution attribute is unsupported for articulation joints and will be ignored (/Root/Ref_Xform/Ref/joints/L_finger1_joint).
2026-05-22T19:10:35Z [22,567ms] [Warning] [omni.physx.plugin] Stiffness attribute is unsupported for articulation joints and will be ignored (/Root/Ref_Xform/Ref/joints/L_finger2_joint).
2026-05-22T19:10:35Z [22,567ms] [Warning] [omni.physx.plugin] Restitution attribute is unsupported for articulation joints and will be ignored (/Root/Ref_Xform/Ref/joints/L_finger2_joint).
2026-05-22T19:10:35Z [22,567ms] [Warning] [omni.physx.plugin] Stiffness attribute is unsupported for articulation joints and will be ignored (/Root/Ref_Xform/Ref/joints/R_finger1_joint).
2026-05-22T19:10:35Z [22,567ms] [Warning] [omni.physx.plugin] Damping attribute is unsupported for articulation joints and will be ignored (/Root/Ref_Xform/Ref/joints/R_finger1_joint).
2026-05-22T19:10:35Z [22,567ms] [Warning] [omni.physx.plugin] Stiffness attribute is unsupported for articulation joints and will be ignored (/Root/Ref_Xform/Ref/joints/R_finger2_joint).
2026-05-22T19:10:35Z [22,567ms] [Warning] [omni.physx.plugin] Restitution attribute is unsupported for articulation joints and will be ignored (/Root/Ref_Xform/Ref/joints/R_finger2_joint).
2026-05-22T19:10:35Z [22,567ms] [Warning] [omni.physx.plugin] Stiffness attribute is unsupported for articulation joints and will be ignored (/Root/Ref_Xform/Ref/joints/L_finger1_joint).
2026-05-22T19:10:35Z [22,567ms] [Warning] [omni.physx.plugin] Restitution attribute is unsupported for articulation joints and will be ignored (/Root/Ref_Xform/Ref/joints/L_finger1_joint).
2026-05-22T19:10:35Z [22,567ms] [Warning] [omni.physx.plugin] Stiffness attribute is unsupported for articulation joints and will be ignored (/Root/Ref_Xform/Ref/joints/L_finger2_joint).
2026-05-22T19:10:35Z [22,567ms] [Warning] [omni.physx.plugin] Restitution attribute is unsupported for articulation joints and will be ignored (/Root/Ref_Xform/Ref/joints/L_finger2_joint).
2026-05-22T19:10:35Z [22,567ms] [Warning] [omni.physx.plugin] Stiffness attribute is unsupported for articulation joints and will be ignored (/Root/Ref_Xform/Ref/joints/R_finger1_joint).
2026-05-22T19:10:35Z [22,567ms] [Warning] [omni.physx.plugin] Damping attribute is unsupported for articulation joints and will be ignored (/Root/Ref_Xform/Ref/joints/R_finger1_joint).
2026-05-22T19:10:35Z [22,567ms] [Warning] [omni.physx.plugin] Stiffness attribute is unsupported for articulation joints and will be ignored (/Root/Ref_Xform/Ref/joints/R_finger2_joint).
2026-05-22T19:10:35Z [22,567ms] [Warning] [omni.physx.plugin] Restitution attribute is unsupported for articulation joints and will be ignored (/Root/Ref_Xform/Ref/joints/R_finger2_joint).
2026-05-22T19:10:35Z [22,567ms] [Warning] [omni.physx.plugin] Stiffness attribute is unsupported for articulation joints and will be ignored (/Root/Ref_Xform/Ref/joints/L_finger1_joint).
2026-05-22T19:10:35Z [22,567ms] [Warning] [omni.physx.plugin] Restitution attribute is unsupported for articulation joints and will be ignored (/Root/Ref_Xform/Ref/joints/L_finger1_joint).
2026-05-22T19:10:35Z [22,568ms] [Warning] [omni.physx.plugin] Stiffness attribute is unsupported for articulation joints and will be ignored (/Root/Ref_Xform/Ref/joints/L_finger2_joint).
2026-05-22T19:10:35Z [22,568ms] [Warning] [omni.physx.plugin] Restitution attribute is unsupported for articulation joints and will be ignored (/Root/Ref_Xform/Ref/joints/L_finger2_joint).
2026-05-22T19:10:35Z [22,568ms] [Warning] [omni.physx.plugin] Stiffness attribute is unsupported for articulation joints and will be ignored (/Root/Ref_Xform/Ref/joints/R_finger1_joint).
2026-05-22T19:10:35Z [22,568ms] [Warning] [omni.physx.plugin] Damping attribute is unsupported for articulation joints and will be ignored (/Root/Ref_Xform/Ref/joints/R_finger1_joint).
2026-05-22T19:10:35Z [22,568ms] [Warning] [omni.physx.plugin] Stiffness attribute is unsupported for articulation joints and will be ignored (/Root/Ref_Xform/Ref/joints/R_finger2_joint).
2026-05-22T19:10:35Z [22,568ms] [Warning] [omni.physx.plugin] Restitution attribute is unsupported for articulation joints and will be ignored (/Root/Ref_Xform/Ref/joints/R_finger2_joint).
2026-05-22T19:10:35Z [22,568ms] [Warning] [omni.physx.plugin] Stiffness attribute is unsupported for articulation joints and will be ignored (/Root/Ref_Xform/Ref/joints/L_finger1_joint).
2026-05-22T19:10:35Z [22,568ms] [Warning] [omni.physx.plugin] Restitution attribute is unsupported for articulation joints and will be ignored (/Root/Ref_Xform/Ref/joints/L_finger1_joint).
2026-05-22T19:10:35Z [22,568ms] [Warning] [omni.physx.plugin] Stiffness attribute is unsupported for articulation joints and will be ignored (/Root/Ref_Xform/Ref/joints/L_finger2_joint).
2026-05-22T19:10:35Z [22,568ms] [Warning] [omni.physx.plugin] Restitution attribute is unsupported for articulation joints and will be ignored (/Root/Ref_Xform/Ref/joints/L_finger2_joint).
2026-05-22T19:10:35Z [22,568ms] [Warning] [omni.physx.plugin] Stiffness attribute is unsupported for articulation joints and will be ignored (/Root/Ref_Xform/Ref/joints/R_finger1_joint).
2026-05-22T19:10:35Z [22,568ms] [Warning] [omni.physx.plugin] Damping attribute is unsupported for articulation joints and will be ignored (/Root/Ref_Xform/Ref/joints/R_finger1_joint).
2026-05-22T19:10:35Z [22,568ms] [Warning] [omni.physx.plugin] Stiffness attribute is unsupported for articulation joints and will be ignored (/Root/Ref_Xform/Ref/joints/R_finger2_joint).
2026-05-22T19:10:35Z [22,568ms] [Warning] [omni.physx.plugin] Restitution attribute is unsupported for articulation joints and will be ignored (/Root/Ref_Xform/Ref/joints/R_finger2_joint).
2026-05-22T19:10:35Z [22,568ms] [Warning] [omni.physx.plugin] Stiffness attribute is unsupported for articulation joints and will be ignored (/Root/Ref_Xform/Ref/joints/L_finger2_joint).
2026-05-22T19:10:35Z [22,568ms] [Warning] [omni.physx.plugin] Restitution attribute is unsupported for articulation joints and will be ignored (/Root/Ref_Xform/Ref/joints/L_finger2_joint).
2026-05-22T19:10:35Z [22,568ms] [Warning] [omni.physx.plugin] Stiffness attribute is unsupported for articulation joints and will be ignored (/Root/Ref_Xform/Ref/joints/R_finger1_joint).
2026-05-22T19:10:35Z [22,568ms] [Warning] [omni.physx.plugin] Damping attribute is unsupported for articulation joints and will be ignored (/Root/Ref_Xform/Ref/joints/R_finger1_joint).
2026-05-22T19:10:35Z [22,568ms] [Warning] [omni.physx.plugin] Stiffness attribute is unsupported for articulation joints and will be ignored (/Root/Ref_Xform/Ref/joints/R_finger2_joint).
2026-05-22T19:10:35Z [22,568ms] [Warning] [omni.physx.plugin] Restitution attribute is unsupported for articulation joints and will be ignored (/Root/Ref_Xform/Ref/joints/R_finger2_joint).
2026-05-22T19:10:35Z [22,568ms] [Warning] [omni.physx.plugin] Stiffness attribute is unsupported for articulation joints and will be ignored (/Root/Ref_Xform/Ref/joints/R_finger1_joint).
2026-05-22T19:10:35Z [22,569ms] [Warning] [omni.physx.plugin] Damping attribute is unsupported for articulation joints and will be ignored (/Root/Ref_Xform/Ref/joints/R_finger1_joint).
2026-05-22T19:10:35Z [22,569ms] [Warning] [omni.physx.plugin] Stiffness attribute is unsupported for articulation joints and will be ignored (/Root/Ref_Xform/Ref/joints/R_finger2_joint).
2026-05-22T19:10:35Z [22,569ms] [Warning] [omni.physx.plugin] Restitution attribute is unsupported for articulation joints and will be ignored (/Root/Ref_Xform/Ref/joints/R_finger2_joint).
2026-05-22T19:10:35Z [22,569ms] [Warning] [omni.physx.plugin] Stiffness attribute is unsupported for articulation joints and will be ignored (/Root/Ref_Xform/Ref/joints/R_finger1_joint).
2026-05-22T19:10:35Z [22,569ms] [Warning] [omni.physx.plugin] Damping attribute is unsupported for articulation joints and will be ignored (/Root/Ref_Xform/Ref/joints/R_finger1_joint).
2026-05-22T19:10:35Z [22,569ms] [Warning] [omni.physx.plugin] Stiffness attribute is unsupported for articulation joints and will be ignored (/Root/Ref_Xform/Ref/joints/R_finger2_joint).
2026-05-22T19:10:35Z [22,569ms] [Warning] [omni.physx.plugin] Restitution attribute is unsupported for articulation joints and will be ignored (/Root/Ref_Xform/Ref/joints/R_finger2_joint).
2026-05-22T19:10:35Z [22,569ms] [Warning] [omni.physx.plugin] Stiffness attribute is unsupported for articulation joints and will be ignored (/Root/Ref_Xform/Ref/joints/R_finger1_joint).
2026-05-22T19:10:35Z [22,569ms] [Warning] [omni.physx.plugin] Damping attribute is unsupported for articulation joints and will be ignored (/Root/Ref_Xform/Ref/joints/R_finger1_joint).
2026-05-22T19:10:35Z [22,569ms] [Warning] [omni.physx.plugin] Stiffness attribute is unsupported for articulation joints and will be ignored (/Root/Ref_Xform/Ref/joints/R_finger2_joint).
2026-05-22T19:10:35Z [22,570ms] [Warning] [omni.physx.plugin] Restitution attribute is unsupported for articulation joints and will be ignored (/Root/Ref_Xform/Ref/joints/R_finger2_joint).
2026-05-22T19:10:35Z [22,570ms] [Warning] [omni.physx.plugin] Stiffness attribute is unsupported for articulation joints and will be ignored (/Root/Ref_Xform/Ref/joints/R_finger1_joint).
2026-05-22T19:10:35Z [22,570ms] [Warning] [omni.physx.plugin] Damping attribute is unsupported for articulation joints and will be ignored (/Root/Ref_Xform/Ref/joints/R_finger1_joint).
2026-05-22T19:10:35Z [22,570ms] [Warning] [omni.physx.plugin] Stiffness attribute is unsupported for articulation joints and will be ignored (/Root/Ref_Xform/Ref/joints/R_finger2_joint).
2026-05-22T19:10:35Z [22,570ms] [Warning] [omni.physx.plugin] Restitution attribute is unsupported for articulation joints and will be ignored (/Root/Ref_Xform/Ref/joints/R_finger2_joint).
2026-05-22T19:10:35Z [22,570ms] [Warning] [omni.physx.plugin] Stiffness attribute is unsupported for articulation joints and will be ignored (/Root/Ref_Xform/Ref/joints/R_finger1_joint).
2026-05-22T19:10:35Z [22,570ms] [Warning] [omni.physx.plugin] Damping attribute is unsupported for articulation joints and will be ignored (/Root/Ref_Xform/Ref/joints/R_finger1_joint).
2026-05-22T19:10:35Z [22,570ms] [Warning] [omni.physx.plugin] Stiffness attribute is unsupported for articulation joints and will be ignored (/Root/Ref_Xform/Ref/joints/R_finger2_joint).
2026-05-22T19:10:35Z [22,570ms] [Warning] [omni.physx.plugin] Restitution attribute is unsupported for articulation joints and will be ignored (/Root/Ref_Xform/Ref/joints/R_finger2_joint).
2026-05-22T19:10:35Z [22,570ms] [Warning] [omni.physx.plugin] Stiffness attribute is unsupported for articulation joints and will be ignored (/Root/Ref_Xform/Ref/joints/R_finger1_joint).
2026-05-22T19:10:35Z [22,570ms] [Warning] [omni.physx.plugin] Damping attribute is unsupported for articulation joints and will be ignored (/Root/Ref_Xform/Ref/joints/R_finger1_joint).
2026-05-22T19:10:35Z [22,570ms] [Warning] [omni.physx.plugin] Stiffness attribute is unsupported for articulation joints and will be ignored (/Root/Ref_Xform/Ref/joints/R_finger2_joint).
2026-05-22T19:10:35Z [22,570ms] [Warning] [omni.physx.plugin] Restitution attribute is unsupported for articulation joints and will be ignored (/Root/Ref_Xform/Ref/joints/R_finger2_joint).
2026-05-22T19:10:35Z [22,570ms] [Warning] [omni.physx.plugin] Stiffness attribute is unsupported for articulation joints and will be ignored (/Root/Ref_Xform/Ref/joints/R_finger1_joint).
2026-05-22T19:10:35Z [22,570ms] [Warning] [omni.physx.plugin] Damping attribute is unsupported for articulation joints and will be ignored (/Root/Ref_Xform/Ref/joints/R_finger1_joint).
2026-05-22T19:10:35Z [22,570ms] [Warning] [omni.physx.plugin] Stiffness attribute is unsupported for articulation joints and will be ignored (/Root/Ref_Xform/Ref/joints/R_finger2_joint).
2026-05-22T19:10:35Z [22,570ms] [Warning] [omni.physx.plugin] Restitution attribute is unsupported for articulation joints and will be ignored (/Root/Ref_Xform/Ref/joints/R_finger2_joint).
2026-05-22T19:10:35Z [22,570ms] [Warning] [omni.physx.plugin] Stiffness attribute is unsupported for articulation joints and will be ignored (/Root/Ref_Xform/Ref/joints/R_finger1_joint).
2026-05-22T19:10:35Z [22,570ms] [Warning] [omni.physx.plugin] Damping attribute is unsupported for articulation joints and will be ignored (/Root/Ref_Xform/Ref/joints/R_finger1_joint).
2026-05-22T19:10:35Z [22,570ms] [Warning] [omni.physx.plugin] Stiffness attribute is unsupported for articulation joints and will be ignored (/Root/Ref_Xform/Ref/joints/R_finger2_joint).
2026-05-22T19:10:35Z [22,570ms] [Warning] [omni.physx.plugin] Restitution attribute is unsupported for articulation joints and will be ignored (/Root/Ref_Xform/Ref/joints/R_finger2_joint).
2026-05-22T19:10:35Z [22,570ms] [Warning] [omni.physx.plugin] Stiffness attribute is unsupported for articulation joints and will be ignored (/Root/Ref_Xform/Ref/joints/R_finger1_joint).
2026-05-22T19:10:35Z [22,570ms] [Warning] [omni.physx.plugin] Damping attribute is unsupported for articulation joints and will be ignored (/Root/Ref_Xform/Ref/joints/R_finger1_joint).
2026-05-22T19:10:35Z [22,570ms] [Warning] [omni.physx.plugin] Stiffness attribute is unsupported for articulation joints and will be ignored (/Root/Ref_Xform/Ref/joints/R_finger2_joint).
2026-05-22T19:10:35Z [22,570ms] [Warning] [omni.physx.plugin] Restitution attribute is unsupported for articulation joints and will be ignored (/Root/Ref_Xform/Ref/joints/R_finger2_joint).
2026-05-22T19:10:35Z [22,570ms] [Warning] [omni.physx.plugin] Stiffness attribute is unsupported for articulation joints and will be ignored (/Root/Ref_Xform/Ref/joints/R_finger1_joint).
2026-05-22T19:10:35Z [22,570ms] [Warning] [omni.physx.plugin] Damping attribute is unsupported for articulation joints and will be ignored (/Root/Ref_Xform/Ref/joints/R_finger1_joint).
2026-05-22T19:10:35Z [22,570ms] [Warning] [omni.physx.plugin] Stiffness attribute is unsupported for articulation joints and will be ignored (/Root/Ref_Xform/Ref/joints/R_finger2_joint).
2026-05-22T19:10:35Z [22,570ms] [Warning] [omni.physx.plugin] Restitution attribute is unsupported for articulation joints and will be ignored (/Root/Ref_Xform/Ref/joints/R_finger2_joint).
2026-05-22T19:10:35Z [22,571ms] [Warning] [omni.physx.plugin] Stiffness attribute is unsupported for articulation joints and will be ignored (/Root/Ref_Xform/Ref/joints/R_finger1_joint).
2026-05-22T19:10:35Z [22,571ms] [Warning] [omni.physx.plugin] Damping attribute is unsupported for articulation joints and will be ignored (/Root/Ref_Xform/Ref/joints/R_finger1_joint).
2026-05-22T19:10:35Z [22,571ms] [Warning] [omni.physx.plugin] Stiffness attribute is unsupported for articulation joints and will be ignored (/Root/Ref_Xform/Ref/joints/R_finger2_joint).
2026-05-22T19:10:35Z [22,571ms] [Warning] [omni.physx.plugin] Restitution attribute is unsupported for articulation joints and will be ignored (/Root/Ref_Xform/Ref/joints/R_finger2_joint).
2026-05-22T19:10:35Z [22,571ms] [Warning] [omni.physx.plugin] Stiffness attribute is unsupported for articulation joints and will be ignored (/Root/Ref_Xform/Ref/joints/R_finger2_joint).
2026-05-22T19:10:35Z [22,571ms] [Warning] [omni.physx.plugin] Restitution attribute is unsupported for articulation joints and will be ignored (/Root/Ref_Xform/Ref/joints/R_finger2_joint).
2026-05-22T19:10:35Z [22,586ms] [Warning] [isaacsim.sensors.camera.camera] 'verticalAperture' (0.004608000069856644) and 'horizontalAperture' (0.0057599999010562895) are inconsistent with the pixel resolution aspect ratio (1.0). Setting 'verticalAperture' to 0.0057599999010562895 to ensure square pixels.
2026-05-22T19:10:35Z [22,657ms] [Warning] [isaacsim.sensors.camera.camera] 'verticalAperture' (0.004608000069856644) and 'horizontalAperture' (0.0057599999010562895) are inconsistent with the pixel resolution aspect ratio (1.0). Setting 'verticalAperture' to 0.0057599999010562895 to ensure square pixels.
2026-05-22T19:10:36Z [22,724ms] [Warning] [isaacsim.sensors.camera.camera] 'verticalAperture' (1.5290800094604493) and 'horizontalAperture' (2.0954999923706055) are inconsistent with the pixel resolution aspect ratio (1.0). Setting 'verticalAperture' to 2.0954999923706055 to ensure square pixels.
2026-05-22T19:10:36Z [22,793ms] [Warning] [isaacsim.sensors.camera.camera] 'verticalAperture' (1.5290800094604493) and 'horizontalAperture' (2.0954999923706055) are inconsistent with the pixel resolution aspect ratio (1.0). Setting 'verticalAperture' to 2.0954999923706055 to ensure square pixels.
2026-05-22T19:10:36Z [22,984ms] [Warning] [omni.fabric.plugin] getAttributeCount called on non-existent path /Root/Ref_Xform/Ref/R_pgc_base_link/R_pgc_base_link/visuals/pgc_base_link/node_STL_BINARY_
2026-05-22T19:10:36Z [22,984ms] [Warning] [omni.fabric.plugin] getTypes called on non-existent path /Root/Ref_Xform/Ref/R_pgc_base_link/R_pgc_base_link/visuals/pgc_base_link/node_STL_BINARY_
2026-05-22T19:10:37Z [24,379ms] [Warning] [omni.hydra] Mesh '/Root/Ref_Xform/Ref/R_wrist_roll_link/wrist_roll_01' has corrupted data in primvar 'normal': buffer size 5191 doesn't match expected size 20790 in facevarying primvars
2026-05-22T19:10:37Z [24,666ms] [Warning] [rtx.postprocessing.plugin] DLSS increasing input dimensions: Render resolution of (64, 64) is below minimal input resolution of 300.
2026-05-22T19:10:38Z [25,225ms] [Warning] [omni.syntheticdata.plugin] OgnSdPostRenderVarToHost : rendervar copy from texture directly to host buffer is counter-performant. Please use copy from texture to device buffer first.
2026-05-22T19:10:40Z [26,711ms] [Warning] [carb] Client gpu.foundation.plugin has acquired [gpu::unstable::IMemoryBudgetManagerFactory v0.1] 100 times. Consider accessing this interface with carb::getCachedInterface() (Performance warning)
[2/4] Robot + cameras ready
      Render product: 640x480
[3/4] Intrinsics: fx=259.1 fy=194.3 cx=320.0 cy=240.0 res=640x480
[4/4] Collecting 300 frames...

[SceneBuilder] 发现 4 个零件 (4 个有 rigid body): ['/Replicator/Ref_Xform_01', '/Replicator/Ref_Xform_02', '/Replicator/Ref_Xform_03', '/Replicator/Ref_Xform_04']
[SceneBuilder] _scatter_parts_direct: 已随机散布 4 个零件到平面 0
  [DEBUG] gt_poses count=4
    prim=/Replicator/Ref_Xform_01  pos=[0.7860170006752014, 0.21683064103126526, 1.011345386505127]
    prim=/Replicator/Ref_Xform_02  pos=[0.7330567836761475, 0.18611475825309753, 1.0229249000549316]
    prim=/Replicator/Ref_Xform_03  pos=[0.8938531279563904, 0.24751582741737366, 1.0126681327819824]
    prim=/Replicator/Ref_Xform_04  pos=[0.6136640906333923, 0.40175992250442505, 1.0153858661651611]
[SceneBuilder] _scatter_parts_direct: 已随机散布 4 个零件到平面 0
[SceneBuilder] _scatter_parts_direct: 已随机散布 4 个零件到平面 0
[SceneBuilder] _scatter_parts_direct: 已随机散布 4 个零件到平面 0
[SceneBuilder] _scatter_parts_direct: 已随机散布 4 个零件到平面 0
[SceneBuilder] _scatter_parts_direct: 已随机散布 4 个零件到平面 0
[SceneBuilder] _scatter_parts_direct: 已随机散布 4 个零件到平面 0
[SceneBuilder] _scatter_parts_direct: 已随机散布 4 个零件到平面 0
[SceneBuilder] _scatter_parts_direct: 已随机散布 4 个零件到平面 0
[SceneBuilder] _scatter_parts_direct: 已随机散布 4 个零件到平面 0
[SceneBuilder] _scatter_parts_direct: 已随机散布 4 个零件到平面 0
[SceneBuilder] _scatter_parts_direct: 已随机散布 4 个零件到平面 0
[SceneBuilder] _scatter_parts_direct: 已随机散布 4 个零件到平面 0
[SceneBuilder] _scatter_parts_direct: 已随机散布 4 个零件到平面 0
[SceneBuilder] _scatter_parts_direct: 已随机散布 4 个零件到平面 0
[SceneBuilder] _scatter_parts_direct: 已随机散布 4 个零件到平面 0
[SceneBuilder] _scatter_parts_direct: 已随机散布 4 个零件到平面 0
[SceneBuilder] _scatter_parts_direct: 已随机散布 4 个零件到平面 0
[SceneBuilder] _scatter_parts_direct: 已随机散布 4 个零件到平面 0
[SceneBuilder] _scatter_parts_direct: 已随机散布 4 个零件到平面 0
  [ 20/300] frame_0019 labels=4 split=val
[SceneBuilder] _scatter_parts_direct: 已随机散布 4 个零件到平面 0
[SceneBuilder] _scatter_parts_direct: 已随机散布 4 个零件到平面 0
[SceneBuilder] _scatter_parts_direct: 已随机散布 4 个零件到平面 0
[SceneBuilder] _scatter_parts_direct: 已随机散布 4 个零件到平面 0
[SceneBuilder] _scatter_parts_direct: 已随机散布 4 个零件到平面 0
[SceneBuilder] _scatter_parts_direct: 已随机散布 4 个零件到平面 0
[SceneBuilder] _scatter_parts_direct: 已随机散布 4 个零件到平面 0
[SceneBuilder] _scatter_parts_direct: 已随机散布 4 个零件到平面 0
[SceneBuilder] _scatter_parts_direct: 已随机散布 4 个零件到平面 0
[SceneBuilder] _scatter_parts_direct: 已随机散布 4 个零件到平面 0
[SceneBuilder] _scatter_parts_direct: 已随机散布 4 个零件到平面 0
[SceneBuilder] _scatter_parts_direct: 已随机散布 4 个零件到平面 0
[SceneBuilder] _scatter_parts_direct: 已随机散布 4 个零件到平面 0
[SceneBuilder] _scatter_parts_direct: 已随机散布 4 个零件到平面 0
[SceneBuilder] _scatter_parts_direct: 已随机散布 4 个零件到平面 0
[SceneBuilder] _scatter_parts_direct: 已随机散布 4 个零件到平面 0
[SceneBuilder] _scatter_parts_direct: 已随机散布 4 个零件到平面 0
[SceneBuilder] _scatter_parts_direct: 已随机散布 4 个零件到平面 0
[SceneBuilder] _scatter_parts_direct: 已随机散布 4 个零件到平面 0
[SceneBuilder] _scatter_parts_direct: 已随机散布 4 个零件到平面 0
  [ 40/300] frame_0039 labels=4 split=train
[SceneBuilder] _scatter_parts_direct: 已随机散布 4 个零件到平面 0
[SceneBuilder] _scatter_parts_direct: 已随机散布 4 个零件到平面 0
[SceneBuilder] _scatter_parts_direct: 已随机散布 4 个零件到平面 0
[SceneBuilder] _scatter_parts_direct: 已随机散布 4 个零件到平面 0
[SceneBuilder] _scatter_parts_direct: 已随机散布 4 个零件到平面 0
[SceneBuilder] _scatter_parts_direct: 已随机散布 4 个零件到平面 0
[SceneBuilder] _scatter_parts_direct: 已随机散布 4 个零件到平面 0
[SceneBuilder] _scatter_parts_direct: 已随机散布 4 个零件到平面 0
[SceneBuilder] _scatter_parts_direct: 已随机散布 4 个零件到平面 0
[SceneBuilder] _scatter_parts_direct: 已随机散布 4 个零件到平面 0
[SceneBuilder] _scatter_parts_direct: 已随机散布 4 个零件到平面 0
[SceneBuilder] _scatter_parts_direct: 已随机散布 4 个零件到平面 0
[SceneBuilder] _scatter_parts_direct: 已随机散布 4 个零件到平面 0
[SceneBuilder] _scatter_parts_direct: 已随机散布 4 个零件到平面 0
[SceneBuilder] _scatter_parts_direct: 已随机散布 4 个零件到平面 0
[SceneBuilder] _scatter_parts_direct: 已随机散布 4 个零件到平面 0
[SceneBuilder] _scatter_parts_direct: 已随机散布 4 个零件到平面 0
[SceneBuilder] _scatter_parts_direct: 已随机散布 4 个零件到平面 0
[SceneBuilder] _scatter_parts_direct: 已随机散布 4 个零件到平面 0
[SceneBuilder] _scatter_parts_direct: 已随机散布 4 个零件到平面 0
  [ 60/300] frame_0059 labels=4 split=train
[SceneBuilder] _scatter_parts_direct: 已随机散布 4 个零件到平面 0
[SceneBuilder] _scatter_parts_direct: 已随机散布 4 个零件到平面 0
[SceneBuilder] _scatter_parts_direct: 已随机散布 4 个零件到平面 0
[SceneBuilder] _scatter_parts_direct: 已随机散布 4 个零件到平面 0
[SceneBuilder] _scatter_parts_direct: 已随机散布 4 个零件到平面 0
[SceneBuilder] _scatter_parts_direct: 已随机散布 4 个零件到平面 0
[SceneBuilder] _scatter_parts_direct: 已随机散布 4 个零件到平面 0
[SceneBuilder] _scatter_parts_direct: 已随机散布 4 个零件到平面 0
[SceneBuilder] _scatter_parts_direct: 已随机散布 4 个零件到平面 0
[SceneBuilder] _scatter_parts_direct: 已随机散布 4 个零件到平面 0
[SceneBuilder] _scatter_parts_direct: 已随机散布 4 个零件到平面 0
[SceneBuilder] _scatter_parts_direct: 已随机散布 4 个零件到平面 0
[SceneBuilder] _scatter_parts_direct: 已随机散布 4 个零件到平面 0
[SceneBuilder] _scatter_parts_direct: 已随机散布 4 个零件到平面 0
[SceneBuilder] _scatter_parts_direct: 已随机散布 4 个零件到平面 0
[SceneBuilder] _scatter_parts_direct: 已随机散布 4 个零件到平面 0
[SceneBuilder] _scatter_parts_direct: 已随机散布 4 个零件到平面 0
[SceneBuilder] _scatter_parts_direct: 已随机散布 4 个零件到平面 0
[SceneBuilder] _scatter_parts_direct: 已随机散布 4 个零件到平面 0
[SceneBuilder] _scatter_parts_direct: 已随机散布 4 个零件到平面 0
  [ 80/300] frame_0079 labels=4 split=train
[SceneBuilder] _scatter_parts_direct: 已随机散布 4 个零件到平面 0
[SceneBuilder] _scatter_parts_direct: 已随机散布 4 个零件到平面 0
[SceneBuilder] _scatter_parts_direct: 已随机散布 4 个零件到平面 0
[SceneBuilder] _scatter_parts_direct: 已随机散布 4 个零件到平面 0
[SceneBuilder] _scatter_parts_direct: 已随机散布 4 个零件到平面 0
[SceneBuilder] _scatter_parts_direct: 已随机散布 4 个零件到平面 0
[SceneBuilder] _scatter_parts_direct: 已随机散布 4 个零件到平面 0
[SceneBuilder] _scatter_parts_direct: 已随机散布 4 个零件到平面 0
[SceneBuilder] _scatter_parts_direct: 已随机散布 4 个零件到平面 0
[SceneBuilder] _scatter_parts_direct: 已随机散布 4 个零件到平面 0
[SceneBuilder] _scatter_parts_direct: 已随机散布 4 个零件到平面 0
[SceneBuilder] _scatter_parts_direct: 已随机散布 4 个零件到平面 0
[SceneBuilder] _scatter_parts_direct: 已随机散布 4 个零件到平面 0
[SceneBuilder] _scatter_parts_direct: 已随机散布 4 个零件到平面 0
[SceneBuilder] _scatter_parts_direct: 已随机散布 4 个零件到平面 0
[SceneBuilder] _scatter_parts_direct: 已随机散布 4 个零件到平面 0
[SceneBuilder] _scatter_parts_direct: 已随机散布 4 个零件到平面 0
[SceneBuilder] _scatter_parts_direct: 已随机散布 4 个零件到平面 0
[SceneBuilder] _scatter_parts_direct: 已随机散布 4 个零件到平面 0
[SceneBuilder] _scatter_parts_direct: 已随机散布 4 个零件到平面 0
  [100/300] frame_0099 labels=4 split=train
[SceneBuilder] _scatter_parts_direct: 已随机散布 4 个零件到平面 0
[SceneBuilder] _scatter_parts_direct: 已随机散布 4 个零件到平面 0
[SceneBuilder] _scatter_parts_direct: 已随机散布 4 个零件到平面 0
[SceneBuilder] _scatter_parts_direct: 已随机散布 4 个零件到平面 0
[SceneBuilder] _scatter_parts_direct: 已随机散布 4 个零件到平面 0
[SceneBuilder] _scatter_parts_direct: 已随机散布 4 个零件到平面 0
[SceneBuilder] _scatter_parts_direct: 已随机散布 4 个零件到平面 0
[SceneBuilder] _scatter_parts_direct: 已随机散布 4 个零件到平面 0
[SceneBuilder] _scatter_parts_direct: 已随机散布 4 个零件到平面 0
[SceneBuilder] _scatter_parts_direct: 已随机散布 4 个零件到平面 0
[SceneBuilder] _scatter_parts_direct: 已随机散布 4 个零件到平面 0
[SceneBuilder] _scatter_parts_direct: 已随机散布 4 个零件到平面 0
[SceneBuilder] _scatter_parts_direct: 已随机散布 4 个零件到平面 0
[SceneBuilder] _scatter_parts_direct: 已随机散布 4 个零件到平面 0
[SceneBuilder] _scatter_parts_direct: 已随机散布 4 个零件到平面 0
[SceneBuilder] _scatter_parts_direct: 已随机散布 4 个零件到平面 0
[SceneBuilder] _scatter_parts_direct: 已随机散布 4 个零件到平面 0
[SceneBuilder] _scatter_parts_direct: 已随机散布 4 个零件到平面 0
[SceneBuilder] _scatter_parts_direct: 已随机散布 4 个零件到平面 0
[SceneBuilder] _scatter_parts_direct: 已随机散布 4 个零件到平面 0
  [120/300] frame_0119 labels=4 split=train
[SceneBuilder] _scatter_parts_direct: 已随机散布 4 个零件到平面 0
[SceneBuilder] _scatter_parts_direct: 已随机散布 4 个零件到平面 0
[SceneBuilder] _scatter_parts_direct: 已随机散布 4 个零件到平面 0
[SceneBuilder] _scatter_parts_direct: 已随机散布 4 个零件到平面 0
[SceneBuilder] _scatter_parts_direct: 已随机散布 4 个零件到平面 0
[SceneBuilder] _scatter_parts_direct: 已随机散布 4 个零件到平面 0
[SceneBuilder] _scatter_parts_direct: 已随机散布 4 个零件到平面 0
[SceneBuilder] _scatter_parts_direct: 已随机散布 4 个零件到平面 0
[SceneBuilder] _scatter_parts_direct: 已随机散布 4 个零件到平面 0
[SceneBuilder] _scatter_parts_direct: 已随机散布 4 个零件到平面 0
[SceneBuilder] _scatter_parts_direct: 已随机散布 4 个零件到平面 0
[SceneBuilder] _scatter_parts_direct: 已随机散布 4 个零件到平面 0
[SceneBuilder] _scatter_parts_direct: 已随机散布 4 个零件到平面 0
[SceneBuilder] _scatter_parts_direct: 已随机散布 4 个零件到平面 0
[SceneBuilder] _scatter_parts_direct: 已随机散布 4 个零件到平面 0
[SceneBuilder] _scatter_parts_direct: 已随机散布 4 个零件到平面 0
[SceneBuilder] _scatter_parts_direct: 已随机散布 4 个零件到平面 0
[SceneBuilder] _scatter_parts_direct: 已随机散布 4 个零件到平面 0
[SceneBuilder] _scatter_parts_direct: 已随机散布 4 个零件到平面 0
[SceneBuilder] _scatter_parts_direct: 已随机散布 4 个零件到平面 0
  [140/300] frame_0139 labels=4 split=train
[SceneBuilder] _scatter_parts_direct: 已随机散布 4 个零件到平面 0
[SceneBuilder] _scatter_parts_direct: 已随机散布 4 个零件到平面 0
[SceneBuilder] _scatter_parts_direct: 已随机散布 4 个零件到平面 0
[SceneBuilder] _scatter_parts_direct: 已随机散布 4 个零件到平面 0
[SceneBuilder] _scatter_parts_direct: 已随机散布 4 个零件到平面 0
[SceneBuilder] _scatter_parts_direct: 已随机散布 4 个零件到平面 0
[SceneBuilder] _scatter_parts_direct: 已随机散布 4 个零件到平面 0
[SceneBuilder] _scatter_parts_direct: 已随机散布 4 个零件到平面 0
[SceneBuilder] _scatter_parts_direct: 已随机散布 4 个零件到平面 0
[SceneBuilder] _scatter_parts_direct: 已随机散布 4 个零件到平面 0
[SceneBuilder] _scatter_parts_direct: 已随机散布 4 个零件到平面 0
[SceneBuilder] _scatter_parts_direct: 已随机散布 4 个零件到平面 0
[SceneBuilder] _scatter_parts_direct: 已随机散布 4 个零件到平面 0
[SceneBuilder] _scatter_parts_direct: 已随机散布 4 个零件到平面 0
[SceneBuilder] _scatter_parts_direct: 已随机散布 4 个零件到平面 0
[SceneBuilder] _scatter_parts_direct: 已随机散布 4 个零件到平面 0
[SceneBuilder] _scatter_parts_direct: 已随机散布 4 个零件到平面 0
[SceneBuilder] _scatter_parts_direct: 已随机散布 4 个零件到平面 0
[SceneBuilder] _scatter_parts_direct: 已随机散布 4 个零件到平面 0
[SceneBuilder] _scatter_parts_direct: 已随机散布 4 个零件到平面 0
  [160/300] frame_0159 labels=4 split=train
[SceneBuilder] _scatter_parts_direct: 已随机散布 4 个零件到平面 0
[SceneBuilder] _scatter_parts_direct: 已随机散布 4 个零件到平面 0
[SceneBuilder] _scatter_parts_direct: 已随机散布 4 个零件到平面 0
[SceneBuilder] _scatter_parts_direct: 已随机散布 4 个零件到平面 0
[SceneBuilder] _scatter_parts_direct: 已随机散布 4 个零件到平面 0
[SceneBuilder] _scatter_parts_direct: 已随机散布 4 个零件到平面 0
[SceneBuilder] _scatter_parts_direct: 已随机散布 4 个零件到平面 0
[SceneBuilder] _scatter_parts_direct: 已随机散布 4 个零件到平面 0
[SceneBuilder] _scatter_parts_direct: 已随机散布 4 个零件到平面 0
[SceneBuilder] _scatter_parts_direct: 已随机散布 4 个零件到平面 0
[SceneBuilder] _scatter_parts_direct: 已随机散布 4 个零件到平面 0
[SceneBuilder] _scatter_parts_direct: 已随机散布 4 个零件到平面 0
[SceneBuilder] _scatter_parts_direct: 已随机散布 4 个零件到平面 0
[SceneBuilder] _scatter_parts_direct: 已随机散布 4 个零件到平面 0
[SceneBuilder] _scatter_parts_direct: 已随机散布 4 个零件到平面 0
[SceneBuilder] _scatter_parts_direct: 已随机散布 4 个零件到平面 0
[SceneBuilder] _scatter_parts_direct: 已随机散布 4 个零件到平面 0
[SceneBuilder] _scatter_parts_direct: 已随机散布 4 个零件到平面 0
[SceneBuilder] _scatter_parts_direct: 已随机散布 4 个零件到平面 0
[SceneBuilder] _scatter_parts_direct: 已随机散布 4 个零件到平面 0
  [180/300] frame_0179 labels=4 split=train
[SceneBuilder] _scatter_parts_direct: 已随机散布 4 个零件到平面 0
[SceneBuilder] _scatter_parts_direct: 已随机散布 4 个零件到平面 0
[SceneBuilder] _scatter_parts_direct: 已随机散布 4 个零件到平面 0
[SceneBuilder] _scatter_parts_direct: 已随机散布 4 个零件到平面 0
[SceneBuilder] _scatter_parts_direct: 已随机散布 4 个零件到平面 0
[SceneBuilder] _scatter_parts_direct: 已随机散布 4 个零件到平面 0
[SceneBuilder] _scatter_parts_direct: 已随机散布 4 个零件到平面 0
[SceneBuilder] _scatter_parts_direct: 已随机散布 4 个零件到平面 0
[SceneBuilder] _scatter_parts_direct: 已随机散布 4 个零件到平面 0
[SceneBuilder] _scatter_parts_direct: 已随机散布 4 个零件到平面 0
[SceneBuilder] _scatter_parts_direct: 已随机散布 4 个零件到平面 0
[SceneBuilder] _scatter_parts_direct: 已随机散布 4 个零件到平面 0
[SceneBuilder] _scatter_parts_direct: 已随机散布 4 个零件到平面 0
[SceneBuilder] _scatter_parts_direct: 已随机散布 4 个零件到平面 0
[SceneBuilder] _scatter_parts_direct: 已随机散布 4 个零件到平面 0
[SceneBuilder] _scatter_parts_direct: 已随机散布 4 个零件到平面 0
[SceneBuilder] _scatter_parts_direct: 已随机散布 4 个零件到平面 0
[SceneBuilder] _scatter_parts_direct: 已随机散布 4 个零件到平面 0
[SceneBuilder] _scatter_parts_direct: 已随机散布 4 个零件到平面 0
[SceneBuilder] _scatter_parts_direct: 已随机散布 4 个零件到平面 0
  [200/300] frame_0199 labels=4 split=train
[SceneBuilder] _scatter_parts_direct: 已随机散布 4 个零件到平面 0
[SceneBuilder] _scatter_parts_direct: 已随机散布 4 个零件到平面 0
[SceneBuilder] _scatter_parts_direct: 已随机散布 4 个零件到平面 0
[SceneBuilder] _scatter_parts_direct: 已随机散布 4 个零件到平面 0
[SceneBuilder] _scatter_parts_direct: 已随机散布 4 个零件到平面 0
[SceneBuilder] _scatter_parts_direct: 已随机散布 4 个零件到平面 0
[SceneBuilder] _scatter_parts_direct: 已随机散布 4 个零件到平面 0
[SceneBuilder] _scatter_parts_direct: 已随机散布 4 个零件到平面 0
[SceneBuilder] _scatter_parts_direct: 已随机散布 4 个零件到平面 0
[SceneBuilder] _scatter_parts_direct: 已随机散布 4 个零件到平面 0
[SceneBuilder] _scatter_parts_direct: 已随机散布 4 个零件到平面 0
[SceneBuilder] _scatter_parts_direct: 已随机散布 4 个零件到平面 0
[SceneBuilder] _scatter_parts_direct: 已随机散布 4 个零件到平面 0
[SceneBuilder] _scatter_parts_direct: 已随机散布 4 个零件到平面 0
[SceneBuilder] _scatter_parts_direct: 已随机散布 4 个零件到平面 0
[SceneBuilder] _scatter_parts_direct: 已随机散布 4 个零件到平面 0
[SceneBuilder] _scatter_parts_direct: 已随机散布 4 个零件到平面 0
[SceneBuilder] _scatter_parts_direct: 已随机散布 4 个零件到平面 0
[SceneBuilder] _scatter_parts_direct: 已随机散布 4 个零件到平面 0
[SceneBuilder] _scatter_parts_direct: 已随机散布 4 个零件到平面 0
  [220/300] frame_0219 labels=4 split=train
[SceneBuilder] _scatter_parts_direct: 已随机散布 4 个零件到平面 0
[SceneBuilder] _scatter_parts_direct: 已随机散布 4 个零件到平面 0
[SceneBuilder] _scatter_parts_direct: 已随机散布 4 个零件到平面 0
[SceneBuilder] _scatter_parts_direct: 已随机散布 4 个零件到平面 0
[SceneBuilder] _scatter_parts_direct: 已随机散布 4 个零件到平面 0
[SceneBuilder] _scatter_parts_direct: 已随机散布 4 个零件到平面 0
[SceneBuilder] _scatter_parts_direct: 已随机散布 4 个零件到平面 0
[SceneBuilder] _scatter_parts_direct: 已随机散布 4 个零件到平面 0
[SceneBuilder] _scatter_parts_direct: 已随机散布 4 个零件到平面 0
[SceneBuilder] _scatter_parts_direct: 已随机散布 4 个零件到平面 0
[SceneBuilder] _scatter_parts_direct: 已随机散布 4 个零件到平面 0
[SceneBuilder] _scatter_parts_direct: 已随机散布 4 个零件到平面 0
[SceneBuilder] _scatter_parts_direct: 已随机散布 4 个零件到平面 0
[SceneBuilder] _scatter_parts_direct: 已随机散布 4 个零件到平面 0
[SceneBuilder] _scatter_parts_direct: 已随机散布 4 个零件到平面 0
[SceneBuilder] _scatter_parts_direct: 已随机散布 4 个零件到平面 0
[SceneBuilder] _scatter_parts_direct: 已随机散布 4 个零件到平面 0
[SceneBuilder] _scatter_parts_direct: 已随机散布 4 个零件到平面 0
[SceneBuilder] _scatter_parts_direct: 已随机散布 4 个零件到平面 0
[SceneBuilder] _scatter_parts_direct: 已随机散布 4 个零件到平面 0
  [240/300] frame_0239 labels=4 split=train
[SceneBuilder] _scatter_parts_direct: 已随机散布 4 个零件到平面 0
[SceneBuilder] _scatter_parts_direct: 已随机散布 4 个零件到平面 0
[SceneBuilder] _scatter_parts_direct: 已随机散布 4 个零件到平面 0
[SceneBuilder] _scatter_parts_direct: 已随机散布 4 个零件到平面 0
[SceneBuilder] _scatter_parts_direct: 已随机散布 4 个零件到平面 0
[SceneBuilder] _scatter_parts_direct: 已随机散布 4 个零件到平面 0
[SceneBuilder] _scatter_parts_direct: 已随机散布 4 个零件到平面 0
[SceneBuilder] _scatter_parts_direct: 已随机散布 4 个零件到平面 0
[SceneBuilder] _scatter_parts_direct: 已随机散布 4 个零件到平面 0
[SceneBuilder] _scatter_parts_direct: 已随机散布 4 个零件到平面 0
[SceneBuilder] _scatter_parts_direct: 已随机散布 4 个零件到平面 0
[SceneBuilder] _scatter_parts_direct: 已随机散布 4 个零件到平面 0
[SceneBuilder] _scatter_parts_direct: 已随机散布 4 个零件到平面 0
[SceneBuilder] _scatter_parts_direct: 已随机散布 4 个零件到平面 0
[SceneBuilder] _scatter_parts_direct: 已随机散布 4 个零件到平面 0
[SceneBuilder] _scatter_parts_direct: 已随机散布 4 个零件到平面 0
[SceneBuilder] _scatter_parts_direct: 已随机散布 4 个零件到平面 0
[SceneBuilder] _scatter_parts_direct: 已随机散布 4 个零件到平面 0
[SceneBuilder] _scatter_parts_direct: 已随机散布 4 个零件到平面 0
[SceneBuilder] _scatter_parts_direct: 已随机散布 4 个零件到平面 0
  [260/300] frame_0259 labels=4 split=train
[SceneBuilder] _scatter_parts_direct: 已随机散布 4 个零件到平面 0
[SceneBuilder] _scatter_parts_direct: 已随机散布 4 个零件到平面 0
[SceneBuilder] _scatter_parts_direct: 已随机散布 4 个零件到平面 0
[SceneBuilder] _scatter_parts_direct: 已随机散布 4 个零件到平面 0
[SceneBuilder] _scatter_parts_direct: 已随机散布 4 个零件到平面 0
[SceneBuilder] _scatter_parts_direct: 已随机散布 4 个零件到平面 0
[SceneBuilder] _scatter_parts_direct: 已随机散布 4 个零件到平面 0
[SceneBuilder] _scatter_parts_direct: 已随机散布 4 个零件到平面 0
[SceneBuilder] _scatter_parts_direct: 已随机散布 4 个零件到平面 0
[SceneBuilder] _scatter_parts_direct: 已随机散布 4 个零件到平面 0
[SceneBuilder] _scatter_parts_direct: 已随机散布 4 个零件到平面 0
[SceneBuilder] _scatter_parts_direct: 已随机散布 4 个零件到平面 0
[SceneBuilder] _scatter_parts_direct: 已随机散布 4 个零件到平面 0
[SceneBuilder] _scatter_parts_direct: 已随机散布 4 个零件到平面 0
[SceneBuilder] _scatter_parts_direct: 已随机散布 4 个零件到平面 0
[SceneBuilder] _scatter_parts_direct: 已随机散布 4 个零件到平面 0
[SceneBuilder] _scatter_parts_direct: 已随机散布 4 个零件到平面 0
[SceneBuilder] _scatter_parts_direct: 已随机散布 4 个零件到平面 0
[SceneBuilder] _scatter_parts_direct: 已随机散布 4 个零件到平面 0
[SceneBuilder] _scatter_parts_direct: 已随机散布 4 个零件到平面 0
  [280/300] frame_0279 labels=4 split=train
[SceneBuilder] _scatter_parts_direct: 已随机散布 4 个零件到平面 0
[SceneBuilder] _scatter_parts_direct: 已随机散布 4 个零件到平面 0
[SceneBuilder] _scatter_parts_direct: 已随机散布 4 个零件到平面 0
[SceneBuilder] _scatter_parts_direct: 已随机散布 4 个零件到平面 0
[SceneBuilder] _scatter_parts_direct: 已随机散布 4 个零件到平面 0
[SceneBuilder] _scatter_parts_direct: 已随机散布 4 个零件到平面 0
[SceneBuilder] _scatter_parts_direct: 已随机散布 4 个零件到平面 0
[SceneBuilder] _scatter_parts_direct: 已随机散布 4 个零件到平面 0
[SceneBuilder] _scatter_parts_direct: 已随机散布 4 个零件到平面 0
[SceneBuilder] _scatter_parts_direct: 已随机散布 4 个零件到平面 0
[SceneBuilder] _scatter_parts_direct: 已随机散布 4 个零件到平面 0
[SceneBuilder] _scatter_parts_direct: 已随机散布 4 个零件到平面 0
[SceneBuilder] _scatter_parts_direct: 已随机散布 4 个零件到平面 0
[SceneBuilder] _scatter_parts_direct: 已随机散布 4 个零件到平面 0
[SceneBuilder] _scatter_parts_direct: 已随机散布 4 个零件到平面 0
[SceneBuilder] _scatter_parts_direct: 已随机散布 4 个零件到平面 0
[SceneBuilder] _scatter_parts_direct: 已随机散布 4 个零件到平面 0
[SceneBuilder] _scatter_parts_direct: 已随机散布 4 个零件到平面 0
[SceneBuilder] _scatter_parts_direct: 已随机散布 4 个零件到平面 0
[SceneBuilder] _scatter_parts_direct: 已随机散布 4 个零件到平面 0
  [300/300] frame_0299 labels=4 split=train

[Done] Collected=300 Skipped=0
  Train: 270 frames
  Val:   30 frames

[Saved] /home/ubuntu/tai/dataset/task1.yaml

Train YOLO:
  yolo train model=yolov8n.pt data=/home/ubuntu/tai/dataset/task1.yaml epochs=50 imgsz=640
2026-05-22T19:11:56Z [103,313ms] [Warning] [carb] Plugin interface for a client: omni.hydratexture.plugin was already released.
2026-05-22T19:11:56Z [103,313ms] [Warning] [carb] Plugin interface for a client: omni.hydratexture.plugin was already released.
2026-05-22T19:11:56Z [103,314ms] [Warning] [carb] Plugin interface for a client: omni.hydratexture.plugin was already released.
2026-05-22T19:11:56Z [103,314ms] [Warning] [carb] Plugin interface for a client: omni.hydratexture.plugin was already released.
[103.534s] Simulation App Shutting Down
